customer_id,cu_fname,cu_lname,address,phone,city,state,zip
1,Melanie,Sanders,265 Mason Valleys,(795)294-3906x76603,East Brittanyville,DC,79062
2,Jennifer,Bowen,564 James Trail,+1-704-847-4813x6480,Brandonville,OK,33460
3,James,Brown,893 Schwartz Square,+1-760-783-2435,Rodriguezstad,GU,60335
4,William,Horn,8960 Melissa Centers,460.687.5066x931,South Brian,MD,53345
5,Randall,Johnson,384 Jennifer Cliff,844-878-3101x18438,New Autumnstad,MD,61104
6,Julie,Flores,329 Clements Rue Suite 302,8515045652,Port Deborah,KY,20705
7,Eric,Moreno,9195 Arthur Bypass,909.538.5267x4789,South David,MA,80237
8,Daniel,Davidson,5393 Kevin Branch Suite 941,+1-797-895-7693x203,Romanside,VI,72362
9,Melissa,Shepherd,60595 Amanda Crescent,560-324-1329x5747,Thompsonton,CO,53150
10,Kenneth,Garcia,01895 Christopher View Suite 019,+1-407-984-5625x63301,Halemouth,MN,46189
11,Rhonda,Wagner,680 Joshua Meadows,430-785-1767,Estradafurt,NJ,85318
12,Jorge,Armstrong,4291 Erin Pines,789-446-0641x90510,Lake Edward,IA,17714
13,Zachary,Erickson,8931 Mark Gardens Suite 968,806-880-3460x74665,Lisaland,RI,75909
14,Christina,Thomas,50411 Warner Trail Apt. 046,001-343-328-7653x50135,Port Victoria,MI,20049
15,Yolanda,Williamson,285 Dawson Common,716.956.5963,Transhire,OR,11869
16,Trevor,Young,255 Jackson Mount,001-464-977-2465,Lake Adrian,MD,91446
17,Rebecca,Smith,629 Shaun Centers,001-390-611-6595x49292,Wardmouth,TN,18513
18,Bradley,Oliver,79552 Shaw Mill,492-765-7007,New Kaitlyn,LA,91783
19,Nicholas,Ramirez,1817 Ronald Street Suite 027,5537605425,Thomasside,VA,31738
20,William,Espinoza,79495 Nichols Canyon,+1-597-727-6101,West Danielborough,TX,82148
21,Eric,White,628 Roy Glens,(346)481-4815,South Timothy,WA,70839
22,Dennis,Fisher,86323 Allison Lodge,501.669.1342,Lake Connorport,NH,50009
23,Lisa,Zimmerman,5861 Leonard Square Apt. 556,+1-571-266-3827x155,West Lindaport,KS,62219
24,Tanya,Campbell,568 Ramirez Crossing,(356)752-3743x76787,Benjamintown,CA,95370
25,Rebecca,Johnson,858 Ibarra Parkways,2424949254,Alexandraland,MI,28246
26,Stacy,Rowland,123 Cameron Square Suite 456,876-736-6877x69845,Cynthiafurt,MD,17076
27,Taylor,Gallagher,0914 Guerrero Pass,5519147103,Bakerville,MP,59255
28,Makayla,Harvey,122 Sheri Roads Apt. 690,+1-483-290-0222,Ebonyfurt,NY,21477
29,Angela,Brown,560 Brian Loaf,873-321-8303x361,Lake Clifford,AZ,57745
30,Chelsea,Brown,13810 Sanchez Locks,363-244-6876,East Julie,TX,91534
31,Ashley,Villarreal,6631 Lisa Mills,+1-764-270-5251x1906,West Monicaburgh,NY,52960
32,Kevin,King,6942 Gary Green Suite 767,394-484-5576x60192,Philipside,WI,90184
33,Carrie,Anderson,80109 Lisa Avenue Apt. 549,220.801.0209x9337,New Kimberlyview,LA,59047
34,Shelly,Howard,7209 Laura Mills Suite 539,(375)521-7052,Taylortown,NH,18295
35,William,Zavala,8031 Higgins Roads Apt. 616,+1-453-777-5008x78779,Fuentesstad,OR,48233
36,Christopher,Tyler,94269 Snyder Point Apt. 365,(428)606-4408x622,West Kaitlinview,MS,50603
37,Tyler,Rogers,9149 Tiffany Rest,730-403-4160,Scottside,VI,31591
38,Jeffrey,Lin,128 James Pass,(455)691-2836x002,Richardbury,PW,29851
39,Jessica,Blair,8976 Michael Via Apt. 363,(804)718-2810,Brandonborough,NV,31020
40,Taylor,Gutierrez,152 Joshua Gateway Suite 610,325-422-2596,Lake Ryanstad,NV,27694
41,Chris,Smith,6400 Smith Oval Suite 862,662-441-7692x40561,East Sara,SD,60473
42,Elizabeth,Rivera,873 Raymond Summit Suite 518,247.412.4984,Dodsonhaven,TX,82302
43,Shari,Smith,0220 Jessica Burgs,001-362-590-2214x88412,New Julia,VA,04015
44,Whitney,Chen,58064 Wells Lane Suite 322,001-939-738-5495x2371,Port Benjaminchester,NH,11201
45,Nancy,Thompson,4720 Samuel Mountains,626-915-6374,Jerryport,OK,86457
46,Breanna,Hernandez,96638 Susan Union Suite 339,(634)389-6212x95484,Brooksbury,MI,45926
47,Paula,Schultz,2826 Smith Alley Apt. 216,777-312-2884,Donaldton,VT,04049
48,Anthony,Shaffer,577 Kirk Fort Suite 248,6378642660,Port Danashire,TN,38573
49,Rachel,Cooke,938 Myers Drives,+1-626-464-0415x191,West Erica,AL,54484
50,Joseph,Williams,96296 Valerie Dale Suite 759,957.987.4550,Davidmouth,TN,91509
51,Robin,White,36143 Connor Expressway,+1-354-457-3808,West Caitlynport,CT,37767
52,Alicia,Haynes,4381 Karen Drive,(337)709-4499x867,Mauriceview,NJ,08567
53,Marilyn,Johnson,5492 Stephenson Fork Suite 064,(772)238-2079,Murphymouth,NY,90149
54,Nathaniel,Gilbert,812 Smith Overpass Apt. 121,375.730.3291,Pattersonview,MP,74340
55,Christine,Mayer,36920 Newman Crossroad,7542967704,Carolinebury,WV,62351
56,Roberto,Bennett,653 Ronald Lock,759.420.5290x37741,Karenbury,PA,86139
57,Melody,Adams,4198 Erin Square,949.347.4895,New Leslie,MN,21684
58,Steven,Lopez,150 Anderson Glen Suite 756,001-658-409-3422x30482,Lake Donnafurt,ME,15203
59,Cody,Johnson,923 Howell Loop Suite 076,+1-747-425-9214,Bradleyfurt,CO,75926
60,Jennifer,Anderson,58973 Franco Shoals,+1-411-862-0293x74675,Warestad,IA,01721
61,Susan,Hunt,007 Oneal Rapids,001-386-391-0135,New Marthachester,MI,98070
62,Emily,Contreras,7925 Leon Parkway Apt. 732,(699)280-9668x3244,Port Donna,CO,92485
63,Allison,Chambers,67801 Hancock Overpass,8007810577,Natalieview,ID,67268
64,Amy,Velasquez,388 Adrian Turnpike Suite 301,+1-530-593-6386,Diazview,VI,75761
65,Allen,Gonzalez,007 Michael Tunnel,(238)342-1099,East Thomas,TX,67506
66,James,Ware,02512 Lisa Cliffs Apt. 928,001-492-205-0445x125,South Darrell,NC,94141
67,Joshua,Johnson,77843 Garcia Lakes,397-683-8601,South Nicholashaven,NE,11415
68,Chad,Gonzales,616 Darlene Rue Apt. 938,001-625-339-5420x411,Sarahland,MS,52654
69,Pamela,Peterson,1497 Casey Track Suite 686,970-826-1900,Port Matthewside,GA,17018
70,Michael,Dyer,179 Jennifer Rue,(471)927-4055x076,Oneillville,OR,41992
71,Sarah,Garner,041 Harris Glens Suite 972,001-454-690-2141,North Christina,GA,20525
72,Brandon,Roberts,78593 Robin Coves Suite 018,923-926-2335x654,East Michael,CO,84888
73,Lindsey,Brandt,360 Tommy Avenue,237-680-8655x990,Donaldmouth,AR,72998
74,Miguel,Roberts,9877 Erin Radial,499.881.5433,New Stevenmouth,SC,12684
75,Denise,Marquez,501 Davis Prairie Apt. 429,416.561.8815,Reyesfort,IL,40124
76,David,Page,20236 Rowe Run Suite 546,873.706.5662x15427,North Ronald,DE,36764
77,Cameron,Franklin,094 Sara Stream Suite 537,+1-658-353-8027,Port Robertchester,MI,08440
78,Jonathan,Maldonado,9421 Cody Row Suite 615,580-375-3476x9776,Port Johnhaven,ND,32964
79,Sabrina,Ramirez,39801 Katherine Trail Suite 305,(580)667-0646x79571,Port Kimberly,PR,80821
80,Colleen,Morgan,7067 Andrade Radial Suite 770,825-528-5601x5741,East Jonathan,GU,24319
81,Glenn,Ortiz,260 Randall Common,596.259.2115,Johnside,GA,57257
82,David,Aguilar,9574 Lee Pines Apt. 315,001-603-796-6697x758,Smithhaven,KY,70040
83,Elizabeth,Arnold,59672 Joshua Roads Apt. 574,001-553-688-9839x58947,South Brittany,MH,15985
84,Peter,Richards,79393 Garcia Park,+1-319-320-4066x44332,Lake Amandaville,OK,32369
85,Travis,Norris,4206 Robinson Spurs,303.621.9757x1996,Jeffreyhaven,WY,59904
86,Catherine,Mcintyre,39896 Ashley Square,909.966.5435x8273,Lake Marco,OH,16083
87,Sean,Brown,4065 Jones Tunnel,9955580703,New Tammy,MD,70751
88,Tammy,Callahan,70007 Zachary Landing,505.798.1366x477,Port Angelachester,AZ,23012
89,Tiffany,Johnson,6660 Kimberly Fort,(365)273-2396x33139,Robinsonstad,VI,74610
90,Kellie,Cruz,352 Estes Green Suite 794,(387)893-0150x64369,Port Barryberg,NC,77583
91,Ashley,Casey,653 Whitaker Lock Suite 678,766-264-4983,Andradeside,MT,65920
92,Carol,Bell,088 Jeremy Shoals,691-205-3482,New Elizabeth,KS,01686
93,Matthew,Crosby,982 Kathryn Roads Suite 370,(965)443-0680,Brandonstad,MD,08053
94,Elizabeth,Wyatt,3855 John Trafficway Suite 716,927-460-6513,Stevenshire,MA,42038
95,Tiffany,Lee,803 Carl Port,001-450-959-1197x85008,New Danielleberg,NH,33044
96,Nancy,Benson,563 Moore Views,001-929-827-7578x93303,Camachoburgh,FL,11910
97,Christopher,Martinez,66904 Pierce Forges,814.841.1411x867,Daisyshire,CA,78938
98,Tiffany,Clark,012 Brittany Club Apt. 713,870-983-1365,Erinchester,ME,55172
99,William,Mcdowell,3507 Meyer Extension Suite 085,(203)633-6583,Paultown,NY,16838
100,Daniel,Mckee,456 Theresa Springs Suite 011,8609483120,Taylorton,PW,03862
101,Ryan,Allen,91001 Murphy Points Apt. 313,+1-381-730-0761x020,North Michael,NE,60983
102,Joseph,Kent,712 Hansen Camp Suite 922,(341)876-7825x5403,Kelleyport,MS,26293
103,Amanda,Mccarthy,9672 Wiggins Court Apt. 596,729.553.1702,Port William,LA,93409
104,Jessica,Evans,7096 Austin Key,(693)966-7412x233,South John,OK,01683
105,Tricia,Ross,45101 Taylor Hills Apt. 310,829.538.2610x91931,Lucasport,NC,73051
106,David,King,877 Suzanne Drive,+1-651-885-2890x9956,Gabrielleburgh,DE,29789
107,Douglas,Smith,3663 Matthew Well Suite 047,+1-933-859-0618,Brownborough,NV,57343
108,Janet,Klein,43459 Martin Light Apt. 425,487-569-3436x32953,Port Felicia,UT,20822
109,Chris,Powell,998 Brian Loaf,(532)228-8705x194,Port Danielmouth,ME,00933
110,Anna,Nelson,36167 Sandoval Route Suite 077,(249)787-0061x64060,Grahamfurt,VI,12866
111,Jeffery,Davidson,9150 Rodriguez Prairie,001-593-467-7639x192,Lake Kara,AK,16800
112,Jonathan,Butler,7895 Casey Courts Suite 069,448.484.0663x2376,Sarahstad,ME,19257
113,Tiffany,Harris,063 Landry Ports Apt. 695,001-876-588-2205x4313,Allisonport,WI,24060
114,Elizabeth,Yang,0381 Scott Landing,001-393-925-9983x901,Alishaport,OH,40245
115,William,Snow,0403 Tina Walk Apt. 522,+1-565-405-9084x83742,New Markstad,WV,87305
116,William,Miller,527 Mcconnell Forks Apt. 674,8207576745,Jenniferville,IN,31896
117,Jennifer,Perez,7016 Bailey Squares,420-256-4937x09151,Douglasfort,MD,46469
118,Evelyn,Hays,1784 Donna Streets Suite 761,(469)552-2995x712,Kimberlyburgh,AZ,85795
119,Grace,Oliver,72655 Patrick Coves Suite 359,+1-758-320-8858,Jonesville,GU,94254
120,Christopher,Navarro,15398 Arias Spring,326.271.9589x5655,Port Loriport,ID,35632
121,Jeffrey,Sullivan,15972 Lee Lodge,501-519-7045,West Robertborough,IL,10577
122,Nicholas,Smith,2418 Tina Dale,(289)765-0545x6372,Martintown,NE,72091
123,Brian,Mosley,4710 Armstrong Crescent Suite 265,001-820-972-8494x377,Port Micheleborough,MO,87979
124,Brittney,Leonard,406 Krystal Forks Suite 093,+1-306-357-2487x654,Calhounborough,AL,01594
125,Henry,West,609 Rangel Run,9563809939,Port Brittanymouth,NJ,89649
126,Brittany,Moore,270 Drew Harbor Apt. 963,(615)262-6904,North Jeremy,WI,79968
127,Brian,Johnson,7877 Lisa Locks,6678222497,Lake Jessica,LA,76503
128,Lindsey,Robbins,28928 Peters Road Suite 980,+1-745-248-0966x05312,Madisonburgh,PA,33696
129,Linda,Young,62585 Michael Trafficway,853-232-1339x2752,Lake Morganchester,NE,20938
130,Patricia,Jones,74932 Cheryl Course Apt. 115,+1-304-789-4129,East Allen,FL,63605
131,Audrey,Rodgers,5692 Sarah Vista,(573)745-3090x092,South Joshua,RI,75267
132,Louis,Hawkins,7511 Erin Crossroad,813-376-7541,South Tamaraview,MH,26820
133,Justin,Hart,7541 Yang Grove,+1-294-639-1781,North Daniellehaven,WY,54510
134,Renee,Massey,029 Young Row,001-718-689-8881,Danielhaven,WY,14335
135,Larry,Johnston,0948 Cathy Neck Suite 934,546-954-5502x444,Robertland,HI,00901
136,Michael,Thompson,89919 Meagan Falls Apt. 373,+1-961-515-1145x223,North Alexandershire,TN,56800
137,Noah,Gutierrez,4120 Perez Run,2298048734,East Chelsea,AR,13078
138,Bobby,Wright,036 Wallace Shoals,376-967-1240x820,New Karenland,LA,80917
139,Joshua,Smith,77095 Melissa Fort,892-591-5294,Peterbury,WY,62241
140,Chelsea,Gill,465 Judy Square Apt. 578,+1-311-353-6833,Christophermouth,GU,44178
141,Angel,Crawford,376 May Key,001-321-300-7669x230,Lyonsport,TX,27078
142,Blake,Smith,9004 Wilcox Villages Suite 070,(900)888-1586,Port Nathanmouth,MI,15230
143,Donna,Harris,792 Mitchell Mount,(870)242-8937x3808,Joshuabury,AS,30026
144,Sarah,Anderson,54048 Brown Rapid,(934)776-5785x00381,West Mistyberg,IL,77761
145,Kimberly,Evans,55238 Sellers Greens,(441)417-4015x3239,Millerbury,OK,43609
146,Michael,Floyd,311 Melissa Roads,001-975-652-8365,Martinmouth,MO,78656
147,Martin,Stevenson,8742 James Cove,(802)295-9482,Davisville,NE,32234
148,Kathleen,Allen,680 Joel Neck,816-685-8165x9229,Samanthaview,ID,49516
149,Justin,Mcgee,80258 Sandoval Keys,+1-341-959-8613,Frosttown,ID,78331
150,Ricardo,Fuller,6592 Joseph Stravenue,+1-656-620-3651,Castilloville,CO,46844
151,Jonathan,Garrett,04289 Sherry Squares,(465)806-7615,Port Leslie,IL,25133
152,Michelle,Villarreal,5669 Evans Manor Suite 369,965.895.5237x434,New Lawrenceton,FM,34481
153,Diane,Bates,54812 Linda Ferry Suite 910,(746)580-6703x504,North Jeffrey,MN,07186
154,Patricia,Crawford,8628 Kathryn Fort,762-551-7206,South Michaelport,WV,18971
155,Jason,Miller,92154 Theresa Crest,376.671.6644,North Brandon,MP,21121
156,Olivia,Johnson,7056 Buck Circle Apt. 007,442-531-5529,Lake Laura,GA,09324
157,Amber,Hernandez,2841 Martin Greens,(974)725-4629x60624,West Lindsey,SD,03592
158,Brenda,Henry,38427 Steven Stravenue Apt. 952,001-613-324-3050x65516,Nicholasberg,ND,67994
159,Brandon,Thomas,7611 Wright Falls,958.672.5305,East Karen,MN,64291
160,Kevin,Henderson,439 Kathleen Road Apt. 243,952.282.3549,Spearsside,VA,71317
161,Jimmy,Hill,6414 Blankenship Grove Suite 420,872.489.8969x70810,Lake Sarah,MO,14734
162,Theresa,Brown,48595 Tina Parks Suite 747,(995)568-6732,Port Ralphchester,LA,28669
163,Gordon,Ward,8103 Dixon Lock,348.339.8719x31962,South Christinaborough,FL,12417
164,Abigail,Meyer,7621 Andrews Ports Apt. 153,553-768-8144,New Daniel,WI,99578
165,Holly,Hubbard,51458 French Drive,742-983-1410x4932,Samuelburgh,KY,83848
166,Dominique,Lewis,5060 Hamilton Meadow,+1-434-887-1959x9661,Heatherberg,MI,12565
167,Olivia,Clark,560 Jeffrey Parkway Apt. 991,743-658-2583x353,Johnsonmouth,WY,95239
168,Christopher,Mitchell,7643 Robert Glen,001-427-368-3016x09365,Riosfort,IA,35072
169,Andrew,Kirk,03091 Maria Radial Apt. 861,685.681.3651x892,Gibsonchester,ID,44541
170,Kristi,Moreno,37406 Garza Forge,338.530.1539,Lake Jeffery,MP,52241
171,Vincent,Hopkins,99887 Barbara Fall,001-794-798-2137x83074,West Kimberlyland,NV,63978
172,Melissa,Long,8149 Jennifer Mountains Suite 559,320.763.9525x62018,Millerchester,OK,02519
173,Wanda,Crawford,64920 Joseph Common Suite 929,527.805.4771x27035,New Jeffreyfort,VA,81366
174,Nathan,Madden,7955 Joshua Court Suite 526,(529)675-4475x78995,Jacquelinehaven,SD,07630
175,Kara,Sampson,7159 Lisa Tunnel Suite 259,9598605678,Trevorberg,MP,46872
176,Damon,Aguilar,76125 Jeffery Centers Suite 361,001-764-999-8778x6165,East Sandra,WY,74810
177,Elizabeth,Grant,397 Veronica Meadows,2623477218,West David,CT,72860
178,Robin,Cooper,579 Victor Brooks,278.672.3903x586,North David,IL,01654
179,Ralph,Hill,246 John Fords,919-625-5815,New Kaylastad,MD,32365
180,Anthony,Cole,212 Barajas Junctions Apt. 665,493.649.4110x22585,Carlshire,ME,11715
181,Jennifer,Cochran,512 Barrett Walks,(243)793-6257x05546,South Shannon,LA,56887
182,Susan,Ramirez,6308 Andrew Camp Apt. 512,(324)440-4992x2223,Janeside,OR,10100
183,Denise,Lee,45055 Johnson Junctions Apt. 402,522-684-5427x0390,Lake Adam,NH,18173
184,George,Chambers,273 Aguilar Tunnel,001-743-964-2387x5544,Karenton,MA,43860
185,Tanya,Smith,308 Samantha Radial Suite 734,254.773.2719x68223,Gregoryville,IL,30069
186,Robert,Hill,026 Hodges Throughway,(405)254-6617,Leefort,CO,88993
187,James,Hayes,18045 Martin Plaza,+1-308-904-8205x948,Brucefort,MI,70691
188,Amy,Ochoa,813 Charles Street,001-769-889-9363x227,East Amberhaven,MH,90448
189,Adrian,Salazar,0956 Gregory Track,+1-614-809-6587,South Richard,CA,07098
190,Lindsay,Thomas,959 Melanie Ports Apt. 993,2604660224,Briannachester,MI,13242
191,Emily,Grimes,4767 William Orchard,792-587-6888,Melissatown,CA,97561
192,Stuart,Olsen,4385 Joseph Manor,001-846-836-7224,East Jameschester,KY,52696
193,Jason,Christian,7886 Wayne Vista Suite 232,+1-902-280-9170,Port Mary,WV,51257
194,Sandra,Cervantes,192 Rachel Views Apt. 829,001-850-854-4895x525,New Lauren,TN,06733
195,Karen,Sanchez,39400 Cruz Hollow,299-528-5724,South Johnside,NE,18169
196,Anthony,Owens,224 Troy Squares Suite 985,803-759-3775x90554,Jonathanmouth,GU,68297
197,Kenneth,Young,49711 Kathleen Brooks Apt. 169,707-646-5373x3805,North Miguel,OK,55557
198,Rhonda,Dunn,724 Jack Glens,(883)888-7997x4707,Timothyhaven,VT,04202
199,Grace,Rodriguez,4204 Doyle Streets Apt. 278,+1-416-678-3114,Port Ashleyburgh,MD,02137
200,Chad,Brown,633 Victoria Gardens Suite 867,+1-286-320-3396,Melissachester,MA,64467
201,Cynthia,Williams,426 Kiara Mission Apt. 412,727-628-9421,Kennethview,WI,36161
202,Donald,Nichols,22088 Doyle Villages,001-474-208-2435x6590,New Janice,IA,73766
203,Lance,Crawford,9486 Mora Stravenue,998.435.5103,Hicksstad,GU,54692
204,Adam,Davis,031 Amanda Key,+1-716-937-9856x7853,Aaronfurt,NV,79396
205,Amanda,Jimenez,452 Dawn Fort,(603)431-0899,East Bradley,NM,91870
206,Michelle,Jones,2317 Maria Lights,+1-308-429-3948,New Jillianmouth,FM,10803
207,Mary,Bonilla,9897 Pollard Cliff Suite 155,(317)680-8014,Kevintown,NC,34332
208,Douglas,Harris,90885 Fry Plain,+1-415-215-6021x628,West Janeberg,DE,25277
209,Charles,Garner,327 Stacie Corners Apt. 457,(651)907-1654x828,Georgeburgh,NH,79421
210,Christina,Potts,21904 James Estates,001-278-248-0492x476,North Rachelfurt,LA,49884
211,Diana,Miles,78837 Kristopher Brook Apt. 041,589.300.8090,Amymouth,PA,08739
212,Gregory,Mejia,04666 Christian Mission,+1-705-610-8628x67442,Lake Diane,MH,38394
213,Brandy,Simmons,480 Rich Trace Suite 681,+1-463-324-1703x7149,South Karenbury,AL,01821
214,John,Estes,9564 Melissa Highway Suite 836,001-485-601-7166,Manningport,MH,35954
215,Carlos,Andrade,8856 Harold Camp,(234)890-1829x502,Lake Robertbury,WI,76319
216,Jeffrey,Preston,84720 Margaret Union,001-367-528-1968x68079,North Edwardberg,MP,07636
217,Taylor,King,2344 Renee Port Suite 263,001-966-835-4141,Heatherburgh,NM,06162
218,Robert,Taylor,2492 Jon Corners Suite 134,(693)270-8244x233,West Justin,DC,37650
219,Sharon,Hood,485 Jasmine Ferry,547-522-6479x6973,Christinamouth,IN,21353
220,Maria,Jones,63482 Young Gateway,6716318991,South Becky,AS,45474
221,Anthony,Pruitt,97560 Walsh Ridge,001-374-386-4533x684,Thomasmouth,FM,08628
222,Gregory,Wade,30342 William Courts,001-336-520-5167x4617,Peterfort,NY,45802
223,Brian,Johnson,51280 Sara Valleys Apt. 763,001-996-774-3677,Hendersonshire,AL,08335
224,Carrie,Harrison,959 Crawford Prairie,(554)753-7296x397,Jonesmouth,MT,27086
225,Troy,Stevens,9678 Avila Haven Apt. 614,792.331.3099,Johnsland,NE,61123
226,Kayla,Wood,7498 Kelly Stream Suite 781,(306)243-2906,Melissaview,NC,18770
227,Jesse,Meza,15836 Everett Summit Suite 499,(578)978-5812x71179,East Richardview,ME,10147
228,Gina,Simmons,5084 Ryan Crescent,618-627-7108x5927,Brianmouth,VA,77555
229,Willie,Blankenship,7257 Alexis Causeway Suite 933,(288)597-5227,West Darrenside,PR,17997
230,Susan,Ferrell,1600 Mclaughlin Cliff Suite 652,6873750944,West Scott,MS,99824
231,Andrew,Maxwell,282 Jessica Underpass,693.554.8989,West Laura,OH,92226
232,Angel,Merritt,812 King Trafficway,001-777-231-3175x24607,Johnport,TN,83116
233,Alvin,Rojas,42025 Wells Drives Apt. 487,858.453.2882x2795,Lake Marisaberg,AR,48757
234,Kyle,Snyder,645 Rich Overpass Suite 025,629-361-9635x5260,New Johnhaven,IA,79477
235,Rhonda,Jacobson,2172 Jessica Ramp,001-667-946-1591,Lopezland,WI,04868
236,Daryl,Anderson,844 Watkins Locks Suite 103,794.381.5150x851,Ryantown,AR,15594
237,Norma,Villanueva,01441 Griffin Prairie Suite 464,+1-432-940-7776x169,Emilyfurt,PW,26034
238,Scott,Moore,8865 Anita Row Suite 791,+1-911-977-4915x145,West Nicole,DE,57485
239,Christina,Mcclure,81126 Porter Shoal,(275)337-2018,Greenmouth,AS,68015
240,Michael,Diaz,2398 Hodge Oval,+1-627-468-1119,Brittanychester,AL,01845
241,Jennifer,Harris,313 Jeffrey Island,+1-751-723-1624,Port Brendahaven,PA,97984
242,Darren,Horton,208 Castro Bridge,+1-676-634-2238x480,Port Jasonberg,MP,93800
243,Hector,Bowman,70109 Joshua Ranch Apt. 181,577-684-2934x2035,North Kennethchester,VT,55040
244,Mark,Mathis,17152 Hooper Wall Apt. 525,+1-614-953-8149x98163,Scottberg,FL,54608
245,Mark,Miller,94726 Mcmillan Skyway,(596)517-0713x831,Nicholastown,MD,94727
246,Charlene,Berry,908 Aguilar Keys,001-979-223-5230x9711,Shannonfort,VT,13319
247,Kathryn,Dunn,806 Lauren Bridge,001-522-344-6724,Melodyfurt,UT,66703
248,Barbara,Burton,945 Vanessa Prairie,+1-921-460-2563,North Michael,WV,55530
249,Richard,Floyd,562 Amanda Bridge,001-432-884-7274x863,North Kristina,PA,48661
250,Crystal,Hale,1390 Mary Ridges Apt. 840,(572)546-6871,Vincenttown,DE,86245
251,Jessica,Lawson,2932 James Trace Apt. 840,511.858.3238,Traciview,OR,78233
252,Victoria,Banks,11671 Thompson Court Apt. 812,645.900.4902x0881,Youngchester,HI,62867
253,James,Smith,01761 Obrien Center Suite 829,2117980432,North Willieside,IA,44379
254,Cathy,Alexander,57248 Stephanie Roads Apt. 300,+1-901-245-3753x8488,South Lori,NV,27957
255,Patricia,Reyes,8632 Carpenter Drive,+1-521-314-3631,Dianaville,DC,30708
256,Stephen,Allen,30028 Mary Square Suite 449,623.787.9868,North Ashley,GU,70892
257,Jose,West,0187 Cruz Bridge,691.680.7962x74506,Port Brianberg,AS,09665
258,Susan,Miller,3452 Madison Corners,9463238930,West Amber,NE,81308
259,Timothy,Espinoza,369 Stevens Key,(312)471-2328x67134,Benjaminmouth,TN,82217
260,Charles,Montes,2513 Lopez Villages Suite 556,+1-723-759-6751,Lake Jenniferhaven,GA,83081
261,Stephen,Caldwell,00143 Thompson Neck,802-301-1954x65203,Osbornefort,NM,89898
262,Emily,Walters,15547 Jose Lake Apt. 502,001-235-943-2690x4744,Jonesfurt,NV,18721
263,Jerry,Smith,1721 Christina Village Apt. 505,628-668-0763x5009,Johnsonville,FL,45772
264,Theresa,Bryant,43506 Christine Causeway Suite 512,893.346.9755,Brooksshire,TX,03716
265,Mary,Nash,069 Samantha Orchard Apt. 552,4124478391,North Ashley,NJ,45019
266,Meghan,Smith,2930 Mccarty Vista,+1-931-843-0591x2727,Port Jeanneville,UT,58393
267,Samantha,Huber,50891 Keith Parks,001-452-956-2103x83407,Port Laura,WI,27248
268,Dustin,Joseph,501 Lang Heights,+1-729-659-0178,North Tricia,ME,93480
269,Joshua,Scott,6438 Rachel Squares,774.753.8491,Kingburgh,MO,09923
270,Adrian,Lara,527 Harper Cliff Suite 028,5514847049,Tiffanyshire,IL,68487
271,Michael,Williams,52257 Sue Junction Suite 573,+1-471-806-5686x15268,Port Brianmouth,ND,55497
272,Alexander,Clayton,9277 Carmen River Suite 600,378-524-0497x70502,East Ashley,CA,06816
273,Charles,Sullivan,432 Valenzuela Parkway,(776)359-4134x1917,West Jacobmouth,DC,54235
274,Randy,Weber,4552 Combs Wells Suite 757,(787)891-3505,East Craig,TX,15848
275,David,Harper,94069 Troy Falls Suite 037,623.558.9855x940,Scottview,ME,48871
276,Michelle,Owen,6445 Sarah Estates,001-505-773-7332x9080,Cliffordmouth,PA,12224
277,Michele,Johnson,5594 David Coves,+1-517-705-6310x9896,Cameronfort,OH,06542
278,Dana,Ayers,69475 Carl Drive Suite 570,212.316.1250,Davidton,NM,54060
279,Jack,Alexander,5562 Susan Course Apt. 825,3337141754,Michaelmouth,IA,12089
280,Samuel,Hobbs,594 Teresa Meadow Suite 473,+1-594-584-9194,Port Michael,OK,24752
281,Andrew,Moore,3113 Weaver Divide,001-400-771-1785,Nicholasville,PW,98250
282,Shawn,Taylor,1732 Douglas Garden,(658)446-7075,North Shelbybury,KY,27617
283,Victor,Stuart,101 Richard Fork,+1-535-338-5362x913,Nicolasview,ID,09663
284,Elizabeth,Moore,55632 Parsons Dale Apt. 839,518.875.7307x7079,Sotoport,NH,76031
285,Lawrence,Spears,754 Casey Centers,+1-483-543-0580x22915,Davisstad,AR,56825
286,Whitney,Scott,746 Garcia Keys,426-233-8834x875,Kathrynberg,VT,17585
287,Sierra,Williams,713 Jessica Ville Apt. 619,(734)817-1984,Port Davidton,AK,40953
288,Derrick,Williams,2083 Brenda Crossroad,001-252-503-4258,Nicolemouth,KS,71142
289,Robert,Miller,5194 Julia Valley,340-262-3126,Jasonberg,NM,57432
290,Margaret,Moore,686 Nguyen Shores Apt. 778,+1-980-373-9402x30031,Hopkinsmouth,NH,55472
291,Heather,Richardson,1096 Haley Summit,001-803-808-0717x600,Jamesmouth,KY,64534
292,Robin,Meyer,11628 Sierra Court Apt. 404,848-500-0093,East William,GA,05934
293,Seth,Berg,94959 Shelton Via,001-528-251-2076x417,Penastad,RI,09963
294,Willie,Stone,407 Stephens Drive,201-214-3203x42739,East Jasonfort,IA,78811
295,Emily,Davis,4975 Kelly Pike,(461)380-1586x1572,Johnsonside,IA,24522
296,Margaret,Lewis,9809 Yang Course,3387946085,Thomasborough,OK,02537
297,James,Petersen,89974 Pollard Squares Apt. 819,+1-478-998-1343x909,Laraberg,OK,69928
298,William,Murphy,387 Patel Cape,001-581-989-2759x700,South James,PW,99580
299,Kristie,Fox,1496 Matthew Meadow Suite 093,001-779-873-3609x60095,South Ashley,AS,09367
300,Brandy,Santos,36880 Marie Branch,712-957-6323,Angelaport,OH,71432
301,Dana,Harris,5174 Mary Vista,615-854-5039,Bethanyborough,MT,15745
302,Anna,Reeves,6809 Lauren Valley Apt. 197,814-683-8407x07295,Whitneyfurt,MD,04762
303,Michael,Beasley,557 Gabriel Way,241-387-8990x384,Port David,VA,28562
304,Karen,Thomas,520 Andrew Estates,+1-804-717-2919x68260,Smithhaven,MO,32410
305,Leslie,Hall,0207 Cunningham Road Suite 442,001-757-495-4144x427,Catherinemouth,NC,18926
306,Amber,Kelly,340 Kimberly Lakes Suite 412,9937633915,New Melissaville,TX,79662
307,Gabriel,Munoz,4950 Catherine View,+1-778-481-0345x4169,Port Davidside,TX,11723
308,Sean,Ortiz,893 Ballard Junctions,456-210-2887x603,Christopherport,PA,75462
309,Robert,Johnson,13313 Gardner Inlet,001-631-511-0270x25682,Patriciaside,HI,79057
310,William,Rodriguez,33309 Anderson Landing Apt. 868,683.511.9554x716,Boydchester,GA,15712
311,Jeremy,Chavez,6186 Ferguson Forest,+1-896-786-2587,New Susanville,CO,12470
312,Amanda,Ray,245 Wood Loop Apt. 367,638-461-5595x5060,North Jason,LA,86485
313,Chad,Preston,499 Brandon Row,842-314-6122x6792,East Whitney,AS,25949
314,Joshua,Sanders,71907 Cabrera Brook Apt. 368,+1-994-287-1517x4353,North Kathleenmouth,WA,65345
315,Sarah,Williams,044 Park Groves,612-927-5671,Wesleystad,KY,59598
316,Joseph,Rivera,3128 Shannon Park Suite 175,259-374-8571x97037,North Blake,KS,39858
317,Tammy,Bennett,026 Robin Viaduct,685-551-0692x1837,Charleschester,IN,72650
318,John,Gentry,964 Porter Expressway,316.333.0327,West Maria,MH,81963
319,Scott,Foster,100 Michael Fall Apt. 874,(600)551-5822,Joshuaville,RI,60462
320,Matthew,Mann,079 Dawn Stravenue Apt. 749,+1-671-346-4675x652,Kerriville,OR,48510
321,Julie,Wood,17032 Brianna Views,373-409-1470,Charlenefort,WI,78811
322,Alec,Gregory,8629 Christina Harbor,001-530-726-6653x481,West Juanborough,LA,87842
323,Richard,Roy,30345 Moore Villages,961-714-1547,East Jeffrey,AS,24158
324,Shawn,Hunter,5233 Johnson Knolls,(568)816-4829x166,Charlesmouth,VT,03216
325,Amanda,Walter,57566 Tyler Park Apt. 734,425.413.4660,Yvonneside,AK,35307
326,Susan,Washington,52363 Lynch Stream,524.969.4222x880,New James,HI,60436
327,Monica,Allen,81121 Burton Mill,001-850-360-1191x3234,West Matthew,NC,11419
328,Sierra,Garcia,822 Jimenez Trail Apt. 922,247.664.7012x409,North Stephanie,LA,87971
329,Kyle,Newton,999 Mary Flats,+1-322-954-6895,Garnerport,OH,77653
330,Erika,Solis,3382 Johnson Stravenue Apt. 165,526.732.6274,Hernandezberg,MD,39007
331,Linda,Baker,650 Bishop Cape Apt. 791,(301)703-8910,West Virginiaside,UT,16481
332,Martin,Odonnell,921 Walker Shores Apt. 996,2788997336,West Amyberg,MI,11066
333,Jennifer,Cruz,2861 Thomas Island,417.706.3590x07146,East Steven,OH,91093
334,Lacey,Hood,37298 Richard Mountain,237-639-2256x402,South Brittanyville,MS,30243
335,David,Bowen,382 Cindy Turnpike Apt. 115,(700)382-9078x5033,Russellborough,AL,86018
336,Jessica,Smith,448 John Brook,7778010722,New Maryland,MT,19444
337,Deborah,Smith,986 Shawn Villages,653-793-3209,Lake Kimberly,MD,40000
338,Andrew,Carter,24554 Thomas Way Apt. 672,273-859-0662,Robinsonville,ME,11139
339,Ricky,Gregory,031 Wright Orchard,316-744-7318x3614,Lindseyborough,MI,48297
340,Betty,Yoder,333 Sharon Streets Suite 510,(436)570-4600,Danielview,MT,14278
341,Lisa,Myers,0732 Blair Fields,977.721.8447x565,South Keithburgh,MN,24954
342,Nathan,Roman,714 Jeffery Isle,+1-874-857-1442x0454,Dianeville,IL,28216
343,James,Rodgers,03799 Turner Squares Apt. 638,884.615.1824,New Autumnhaven,AR,01198
344,Brent,White,54580 Barbara Mountain,001-475-900-6555x826,West Jennifer,NV,37092
345,Derrick,Farrell,56415 Lori Drives,+1-303-640-0867x283,Bryanmouth,FL,70715
346,Phillip,Coleman,689 Jacob Drives Apt. 816,6644325267,Garciaburgh,IL,95281
347,Derrick,Marshall,92781 Yoder Pine,793-853-0282x28655,Gavinfurt,LA,64022
348,Eric,Mckee,16521 Lisa Lock Apt. 436,461-346-6558x6873,West Kristinmouth,NC,50083
349,Charles,Scott,2420 Tina Alley,(749)304-3738x4351,Oscarfurt,FM,23216
350,Margaret,Vang,51242 Catherine Drive Apt. 164,+1-587-958-0582x6941,Michaelchester,MI,75326
351,Alison,Porter,655 Mary Lake Suite 968,001-349-496-8719x4628,Ericburgh,WY,43884
352,Mark,West,230 Rice Well Suite 295,7993209533,Lake Peter,IA,07756
353,Jose,Cole,2180 Cody Wells Suite 965,625.555.6788x56470,Victoriamouth,NE,52957
354,Miranda,Patel,90894 Katherine Village,809.707.3067x911,Lake Jamesberg,MO,38514
355,Sean,Briggs,6819 Andrea Meadows Apt. 197,255.418.0777,Johnville,TX,20855
356,Courtney,Moore,859 Michael Camp,001-257-920-7928x606,Port Erinborough,OH,30598
357,Kyle,Costa,1358 Gray Alley Apt. 030,493-226-6201,South Alex,NM,03237
358,John,Bonilla,07549 Harris Extensions Apt. 703,305-930-9823x706,Nicholashaven,MS,85737
359,William,Gregory,74550 Melissa Square Apt. 830,+1-427-242-9932x0865,East Lauraland,NV,74633
360,Justin,Robbins,90136 Smith Ports,815.480.0270x8678,Port Thomas,WA,39662
361,Kaitlyn,Haynes,090 Donna Summit,707-637-6278x893,Andrewsbury,OR,26881
362,Janet,Juarez,964 Richardson Station Suite 019,001-840-980-3894x2478,Brookschester,KS,36126
363,Daniel,Stewart,436 Stephanie Forge,001-467-619-1452x62398,North Alex,TN,67940
364,Linda,Byrd,849 Trujillo Rest,950.581.8721,Mendezberg,NJ,25994
365,Troy,Miller,510 Arthur Street Suite 188,+1-897-492-7937x307,Michaelside,VI,48058
366,Penny,Moss,8560 Watson Springs Apt. 932,(420)255-7612,Jeremybury,VA,21649
367,Kristen,Cooper,961 Rachel Roads Apt. 401,001-965-314-7336x353,Port Samanthachester,NV,84584
368,Mark,Mayo,76811 Kelly Heights Apt. 322,(917)972-6061,North Wendychester,WA,30927
369,Brittany,Adams,721 Patricia Trace,(222)364-3183,West Shannonshire,GU,50054
370,Karen,Rocha,1952 Weber Fork,235-732-7557x166,Whitakermouth,ID,30142
371,James,Chavez,66157 Katie Tunnel Apt. 876,001-707-690-6492x32967,Haleyhaven,NH,82756
372,Douglas,Hess,10052 Burns Camp,6859801050,West Kenneth,MP,67369
373,Lisa,Combs,4130 Melissa Road Suite 460,817.331.7360x9176,Kelseytown,CT,26232
374,Jeremy,Jenkins,127 Klein Branch,948-638-3542x07771,Kristopherbury,VA,47088
375,Sarah,Goodwin,2166 Edwards Ridge,+1-590-429-4668x3445,Ralphfort,AZ,43861
376,Chloe,Kelley,869 Kristi Highway,858-832-8920x250,East Nicole,MD,64747
377,Katherine,Garza,73183 Patrick Meadow,746.753.7474x06690,Stacieville,RI,72011
378,Andrew,Murphy,538 Gary Turnpike,326.547.9472,Richardton,GU,01714
379,Trevor,Valentine,82755 Gray Fields,433-615-7556x8103,Lake John,IL,37244
380,Zachary,Scott,03962 Brian Mall Apt. 783,+1-293-405-2529x800,Lake Alisha,DE,53485
381,Cynthia,Boyd,7068 Hayley Lights,+1-871-710-0684,East Ashley,MI,66059
382,Justin,Conrad,8084 Michelle Loaf Suite 019,244-256-7969x691,Ericksonmouth,CA,08565
383,Phillip,Wade,208 Mcmillan Creek,001-897-241-9136x48337,Riversside,AS,35739
384,Heather,Walker,6802 Reyes Court Apt. 302,(472)596-5843x6777,Matthewfort,SD,21773
385,Wayne,Walker,13670 Simpson Garden Suite 948,693.275.0502,South Lauren,SC,65688
386,Jose,Beck,791 Miller Shoals Suite 022,(281)925-4029x841,North David,AZ,61832
387,John,Miller,089 King Viaduct,(249)819-2191,South Megan,GU,11934
388,Tammy,Fields,1069 Michael Springs Suite 233,929.400.6891,South Brianshire,KY,94945
389,Lisa,Cook,858 Snyder Club,978.440.2148x58702,Portershire,TX,64897
390,Andrea,Torres,0414 Gonzalez Hill Apt. 671,001-614-724-3239x7953,Howardmouth,PR,45664
391,Emily,Salazar,578 Sharon Ports,+1-645-219-2264,Nelsonshire,FM,80177
392,Henry,Lambert,0704 Lopez Well Apt. 341,278-398-9528x483,East Jamestown,WY,22987
393,Todd,Nash,30592 Rogers Groves,001-641-811-2573,East Brianna,IA,64280
394,Melinda,Bowman,766 Stewart Burg,6563986139,South Davidburgh,NY,21436
395,Brian,Sharp,50038 Brittany Prairie,542-228-6961,Boonehaven,WA,86839
396,Michelle,Kim,225 Thomas Curve Apt. 774,(546)263-9964,West Henry,NJ,42534
397,Lori,Arnold,091 Christopher Valleys,+1-364-824-8439,New Kenneth,ND,74945
398,Cody,Dean,13308 Trujillo River Apt. 641,(825)930-1203,Evanburgh,NC,22365
399,Derrick,Orr,6695 Carlson Summit,+1-764-693-8615x1002,Natalieburgh,SC,12003
400,Craig,Robinson,485 Hayley Village Suite 857,8837984877,North Daniel,NM,29872
401,Spencer,Anderson,939 Weaver Heights,(924)973-8989x3356,Brianview,OK,76185
402,Megan,Branch,156 Campbell Shoal Suite 070,(875)850-6360,Brownside,SD,92116
403,Mario,Jones,865 Collins Ports Suite 677,(761)428-9549,East Stephenville,ME,00544
404,Taylor,Rodriguez,237 Craig Creek,+1-235-484-5302x19697,Jonathonfort,MT,21077
405,Katherine,Wells,29784 Stephanie Island,+1-640-743-2471x328,Christinehaven,AR,01181
406,Craig,Weaver,802 Kenneth Manor Apt. 786,+1-587-767-2432x11542,North Benjaminton,UT,67584
407,Thomas,King,1958 Caitlyn Station,(538)616-3840,New Stephanie,NE,67370
408,Steven,Moore,408 Walker Neck,001-775-423-0299x909,Lake Juliamouth,IL,34193
409,Kaylee,Ward,786 Carter Lake,489.721.5529,East Michaelport,IA,02169
410,John,Gomez,15071 Simpson Mountain Apt. 099,001-867-573-6993x957,Jonathonshire,MI,30956
411,Courtney,Brown,81438 Brittany Villages Apt. 307,306-770-5840,Danielleport,WV,59940
412,Jack,Brown,2575 Taylor Fork Suite 448,(261)614-3479x475,New Anthony,MA,60050
413,Traci,Blake,27854 Austin Fall Suite 885,918-645-6196x82450,Kellyfurt,UT,05280
414,Theresa,Bryan,04502 Sarah Ford Apt. 950,580-245-8837x1325,Huffmanfurt,MI,62906
415,Valerie,King,8885 Samuel Trace Apt. 671,(844)688-3924x988,Swansonburgh,ND,91554
416,Anthony,Nichols,261 Garcia Islands Apt. 744,(850)484-9275x7100,Wiseland,NJ,15608
417,Julie,Williams,643 Liu Forest Suite 052,629-377-6407x8289,Lopeztown,VT,41551
418,Timothy,Carroll,598 Laura Landing Suite 949,881-817-2293,Longtown,ID,19772
419,Caitlin,Silva,29134 Bryan Springs,475.846.1078,Port Steven,CO,63957
420,Matthew,Williams,89735 Carol Fords Suite 791,001-627-856-0621x499,West Elaine,CA,22883
421,Cathy,Shields,90748 Peter Overpass Apt. 244,636-676-1341x34984,Lake Angela,MP,79793
422,Kevin,Mcknight,316 Gonzalez Trail,884-504-1120x73889,Amybury,DE,49869
423,Sandra,Wilson,277 Horne Courts,001-229-915-2859x91201,Michaelmouth,MP,60420
424,Miranda,Jones,6597 Megan Spurs,613-514-0152,North Ian,SD,51055
425,Steven,Holmes,225 Ward Neck Suite 712,001-425-299-4508,South Gabriellestad,KS,65825
426,Tanya,Gonzales,81334 Rachel Port Apt. 274,481.502.4277,East Kelli,AL,18169
427,Jennifer,Wright,39227 Acosta Creek Apt. 199,529.816.4407,Mendozaport,ID,52615
428,Derrick,Williams,392 Marcus Fords Suite 162,+1-639-643-5025x1824,West Anthonyhaven,ID,91523
429,Donna,Drake,42904 Jennifer Lake Suite 330,360.393.8296x14532,Mckinneyside,MO,68110
430,Theresa,Long,139 Stacie Ridge,227.958.9093x964,West Keithstad,FL,91045
431,Mary,Berry,59379 Murray Tunnel Apt. 174,4268639645,North Michaelchester,KY,63642
432,Jessica,Carter,830 Carmen Forge,(702)307-5589,East Kyleberg,AZ,23044
433,Jerry,Jacobs,93071 Pierce Motorway,(614)497-3495,South Christopherberg,WY,57339
434,Jacqueline,Mcintyre,32245 Franklin Lake,(406)833-9538x991,Jennytown,WI,89951
435,Anthony,Ramirez,778 Sutton Walk Suite 865,+1-969-971-6828x08388,Brownmouth,OH,21429
436,Shannon,Vargas,702 Pollard Underpass,986-585-1624x5758,Spencerchester,NH,34599
437,Devin,Haynes,6954 Jones Union,8884287187,New Jennifertown,MD,10266
438,Jenna,Nguyen,767 Rush Oval,934-359-5160,Snyderhaven,MH,75654
439,William,Livingston,9102 Kevin Walks Suite 780,+1-409-830-8020x7247,Gonzalezburgh,SC,90549
440,Ryan,Garcia,0996 Oliver Vista,(563)893-1085,Jennifermouth,AS,13552
441,Karen,Keller,5929 Peterson Tunnel Apt. 224,908-759-0366,Lake Richardside,WY,29398
442,Mary,Trevino,91869 Gonzalez Forge Apt. 199,501.591.5911x036,Lake James,CO,01233
443,Lisa,Roberts,323 James Meadows Suite 713,933.311.0582,Francoberg,ND,57675
444,Edward,Brooks,5990 Donna Circle,286-267-0987x63552,Orrview,KY,04226
445,Brandon,Edwards,5617 Reed Fords Suite 067,+1-389-574-6959x1613,Lake Mary,OH,33321
446,Susan,Patton,039 Hannah Spurs Apt. 643,448-481-4818x205,North James,MP,54757
447,Hannah,Moore,296 Susan Courts Apt. 691,001-551-303-3655x538,Lake Dominicchester,VI,68920
448,Benjamin,Moyer,373 Nicholas Springs,+1-912-579-8180x203,Randyville,AS,11972
449,William,Spencer,35926 Ryan Garden,+1-335-439-9741x15829,East Cassandra,OK,54027
450,Rebecca,Decker,28365 Sarah Point,3427622053,Gomezview,GU,79145
451,Joseph,Padilla,80479 Brown Way Suite 830,370.223.0404x591,Norrisport,FM,79096
452,Kenneth,Collins,450 Conley Pines,+1-430-277-1300x040,Johnsonton,CT,79830
453,Heather,Kim,9454 James Views,806-905-3773x54389,Ronaldstad,AK,86193
454,Trevor,Crawford,709 Johnson Mission Apt. 973,531-727-0589x4759,East Brian,KY,74878
455,John,Jenkins,174 Joseph Pike Apt. 923,(373)864-5317x9558,East Christopher,MD,85296
456,Tara,Espinoza,493 Clark Camp,489.504.5650x68987,Haleyville,NC,56334
457,Karen,Mckenzie,5323 Donald Canyon,983-425-1493,West Christine,MD,67303
458,Tina,Suarez,89971 Kevin Crossing Suite 376,(643)893-4118,East Patrickmouth,IL,36763
459,Stephanie,Jones,611 Stephanie Expressway,779.963.3555x46912,New Deborah,WY,28515
460,Angela,Galvan,61204 Christie Locks,429-629-1256x67455,Port Christiantown,PR,80649
461,Matthew,Roman,5991 Dorsey Trafficway Apt. 745,(796)477-5767x780,New Angelmouth,UT,93963
462,Debra,Taylor,029 Thomas Land Suite 128,775.597.5187x2820,South Danahaven,VT,89837
463,Janet,Wright,23858 Thomas Avenue,921.761.2062,South Brianland,GU,07633
464,Erin,Gordon,0545 Holland Burgs,001-223-213-5130x10185,Port Abigail,MD,98585
465,Susan,Medina,7555 Jennifer Square Suite 848,+1-539-307-4565x7219,Onealville,WV,55595
466,Christopher,Burgess,4711 Williams Ridge,001-600-209-6823x17794,Bellland,ND,65359
467,Brian,Maynard,65738 James Road,(928)775-3349x2685,West Colleenland,VI,91331
468,Margaret,Fitzpatrick,13645 Michael Spur Apt. 111,001-849-614-7787,North Brandon,GA,25744
469,Ian,Rice,08204 Booker Tunnel,758-326-7805x7360,South Bradfurt,VT,43065
470,Richard,Atkinson,3116 Robertson Place,(409)440-8173,South Richard,SD,36642
471,Melissa,Diaz,7332 Stevens Street,(206)405-7203,Lake Joseph,KY,78641
472,Gary,Hicks,1878 Karen Circles,001-427-472-0326x83934,East Stacyside,PA,02566
473,Troy,Anderson,39799 Kevin Loop Apt. 864,(680)809-0271x990,Lake Jackton,PW,13028
474,Peter,Peterson,9702 Wendy Loop,(721)267-3779,Brownburgh,NJ,54719
475,Jonathon,Carlson,807 Munoz Manor,951.311.7523x9101,Arnoldfort,NH,41894
476,Dakota,Bartlett,9692 Allen Ridges,001-570-989-2627x25747,South Diane,AS,06097
477,Jeanette,Jackson,807 Krista Harbors,866.626.7490,New Tylerberg,OR,43079
478,Jaclyn,Gutierrez,9019 Lisa Corner,001-619-240-8234x01060,North Kimberly,GA,71581
479,Kelly,Cherry,9728 Kramer Dam,+1-332-542-3167x439,West Darryl,UT,75765
480,Sara,Maldonado,05558 Molly Inlet,(767)520-5135,Port Michaelbury,LA,89465
481,Wayne,Jones,912 Jessica Camp,205.493.8174x5918,Bridgetfort,TN,60077
482,Kari,Jacobson,558 Jacqueline Fork,7187409272,West Sharistad,PR,57705
483,Matthew,Harris,84152 Thomas Rest Suite 977,253.725.2416,Simpsonfort,NM,26178
484,Stephanie,Taylor,1317 Nicholas Bypass Apt. 213,(688)932-3249x72118,Stuartton,AL,23583
485,Kenneth,Johnston,98564 Fernandez Centers Apt. 205,001-655-258-3680x6371,Mathisland,GA,37542
486,John,Robinson,151 Choi Lock,807.422.5394x0343,Kiarafurt,MI,44331
487,Brian,Schneider,4333 Munoz Shore Apt. 497,001-560-778-1551x65639,West Tanya,MP,10557
488,Tanner,Spencer,969 Andrea Plaza,4268660619,East Samantha,OR,16201
489,Matthew,Taylor,7862 Aaron Inlet Suite 533,(543)413-2872x373,South Michaeltown,OK,93090
490,Melissa,Pittman,815 Perry Club,001-942-575-0162x2896,Brendantown,MI,97796
491,Steven,Bowen,051 Brendan Ports,001-278-551-1234,Lewisside,IN,67178
492,Kelsey,Hill,35907 Obrien Circle Apt. 610,594.252.2336x66470,North Jamieberg,KS,33628
493,Francisco,Brown,181 Myers Ville,554-789-8956x57630,Jacquelineshire,MD,75904
494,Joshua,Flores,94041 Kline Camp,249.893.1656x2000,Benjaminville,FL,19153
495,Judy,Jacobson,270 Jeff Wells Apt. 568,6342094951,Port Tinaview,IN,38028
496,Molly,Lopez,1989 Joe Gardens,994-867-9760x584,Lydialand,AR,33261
497,Bradley,Patton,727 Willis Underpass Apt. 670,+1-340-430-2510,New Joshua,GU,36850
498,Brandi,Mckenzie,9754 Carl Turnpike,884.827.0595x230,Stephaniechester,KY,64548
499,Adam,Roberts,3310 Gonzalez Burgs Suite 078,001-763-740-7548x6963,East Jessicaberg,PW,25576
500,Melissa,Rodriguez,9380 Kaitlin Drive Apt. 458,682-936-5093x801,Padillaport,GA,34177
501,Valerie,Peters,6609 Collins Brook Apt. 366,001-616-787-1585x922,East Traciberg,MO,38720
502,Brittney,Hanson,668 Heather Islands,(951)878-1893,Mcbridefurt,SC,37558
503,Julie,Gaines,30503 Jimenez Street,991-497-8403,North Kirsten,PA,48705
504,Troy,Ballard,81149 Price Landing,219-813-5812x7593,Julieshire,FL,62230
505,Ronnie,Moore,8244 Chad Extensions,001-838-206-4898x1785,Scotttown,ID,24111
506,Alfred,Jefferson,75981 Mark Road Apt. 291,(750)251-2165x567,North Markfort,CA,94041
507,William,Flores,226 Goodman Wall,421-990-3355x334,Heatherport,MH,56548
508,Michael,Parks,76670 Barry Turnpike,999.803.3563,North Gabrielland,IL,01035
509,Charles,White,92659 Sheppard Port,873-269-3935,West Joshuahaven,OR,22950
510,Amy,Watkins,4521 Rodriguez Locks,387-565-6042,New Sarah,LA,38263
511,Brian,Davis,912 Nicole Via Apt. 581,9285705136,North Stephenton,NM,83874
512,Russell,Scott,8954 Harper Stravenue Apt. 198,+1-805-871-3983,Thomasbury,DE,93944
513,Terri,Taylor,02842 Paige Shoals,880.872.8482x81633,Knightstad,AR,45257
514,Teresa,Anderson,21619 Cindy Avenue Apt. 516,001-714-787-8090x967,West Michelleton,MD,66535
515,Kendra,Bender,214 Alisha Mountains,2778333562,North Jeffreymouth,NV,57257
516,Eric,Jones,601 Horn Skyway Apt. 052,9273972654,New Marymouth,MN,22314
517,Vanessa,Foster,301 Robert Mountain,+1-264-797-6683,West Christian,PA,81051
518,Shannon,Boyd,0681 Campbell Road,319.789.7765,Bowerston,KS,55640
519,William,Landry,728 Collins Neck,322-936-9095x50352,Robertside,VA,45791
520,Nancy,Richardson,380 Hoffman Brooks,001-894-228-2003x642,New Charles,PR,78190
521,Thomas,Delacruz,06880 Nicholas Coves,+1-863-730-8916x46942,Espinozachester,FM,30333
522,Colleen,Hines,27024 Prince Shoal,937.229.8209,Tatetown,WY,16837
523,Jennifer,Watts,67256 Clay Summit Suite 190,(234)561-0034x3194,Melissamouth,CA,81664
524,Hunter,Hart,724 Kelsey Viaduct,001-553-393-2830x961,Jessicaside,WA,71906
525,Mario,Brown,733 Clark Plain Suite 217,+1-676-223-4777x34805,North Michaelhaven,RI,02826
526,Jacob,Ford,576 Lawrence Manors,214-441-0745,Lindseyburgh,UT,43968
527,Jeffery,Thomas,9868 Kennedy Circles Apt. 614,460-914-0769x49433,Port Barbarastad,SD,66332
528,Scott,Daniel,824 Johnson Island Suite 561,4303978826,Danielside,NV,05992
529,Terri,Hernandez,58885 Ricky Light,767.532.9324,Donaldhaven,GU,74388
530,Rebekah,Leonard,7826 Jacobson Mount,734-846-1126x917,Barrymouth,WA,21062
531,Lisa,Villegas,126 Jennifer Trail,827.486.4229,Masseyville,OH,64813
532,Emily,Cox,8382 Long Isle Suite 173,586.591.2417x149,East Cristianfort,LA,26675
533,Karen,Collins,7874 Baldwin Glens Suite 731,6643372615,Anthonymouth,CT,31668
534,Catherine,Walker,3504 Moore Rapid Apt. 244,681-799-0950,South Michaelside,MT,41242
535,Christopher,Harding,8511 Allison Fall,(478)657-6779,South Carla,DC,66008
536,Rebecca,Peterson,351 Courtney Cape,001-302-499-2831x2873,Nicholschester,KY,48778
537,Kaitlyn,Lewis,7512 Turner Mission Suite 884,(834)939-2299x4032,Joshuafort,ME,52753
538,Casey,Lewis,12828 Wilson Glens Apt. 804,420.285.8035x4016,Tonyside,NH,29785
539,Patrick,Mccormick,6098 Shane Junction Suite 455,349.434.6119x31192,Andrewburgh,CO,05391
540,Denise,Wright,1522 David Mission Apt. 458,573.492.8320x2406,Port Jenniferbury,PW,76026
541,Andrea,Sanchez,48317 Lawrence Way Suite 210,+1-926-531-9668,West Robertville,OR,38791
542,Samuel,Proctor,027 Thomas Canyon,966.693.0902,Torresborough,FL,60117
543,Dennis,Hughes,67641 Troy Ways,+1-957-659-3215x45706,Lake Jaketown,MS,80285
544,Daniel,Perez,29194 Santos Bridge,597.596.9768,Lake Jason,NM,34295
545,Tyler,Sampson,809 Alexander Camp,4025354325,Webbfurt,AS,64573
546,Dylan,Hawkins,1172 Paul Neck,575-391-1867x8045,North Lisa,SC,68464
547,April,Phillips,9403 Cooley Glens Suite 531,548.227.8485,West Samantha,VT,38382
548,Brandi,Mccoy,9225 Dawn Rapid Suite 663,(274)990-0592x054,Shannonmouth,SD,94532
549,Stephanie,Taylor,5492 Lawrence Landing Apt. 291,(240)627-2333,West Anthonymouth,NJ,95162
550,Samuel,Wilson,6689 Roger Harbor Suite 500,692.827.7212x19393,Lake Tamaraborough,CA,14584
551,Jamie,Moore,956 Blanchard Summit,573-201-3479x75187,West Raymond,IN,88938
552,Joshua,Mosley,9880 Alexis Cliff Suite 532,4087955378,Gibbsmouth,PW,30627
553,Joseph,Snyder,8613 Lewis Mountain,(341)203-3064,East Adam,MI,59989
554,Jon,Vasquez,62871 West Cove,814-641-1639,West Benjamin,VI,34235
555,Christina,Davis,46529 John Pine,491.551.6001,Pamelabury,MO,53496
556,Gabriel,Wallace,183 Ryan Ford,(259)456-0867x29526,Beckhaven,ID,68623
557,Jeremy,Taylor,1335 Richardson Stravenue Suite 230,+1-251-683-2710x2914,Austinville,HI,65336
558,Melanie,Harris,4736 Rivera Ramp Apt. 427,001-831-350-1932,New Janice,UT,84031
559,Gregory,Dixon,9947 Blackwell Rest Apt. 325,349.419.3391x4244,New Julie,NJ,88191
560,Brent,Carpenter,997 Moore Street Apt. 022,479.686.6034x832,Port Brooketown,IL,79099
561,Patrick,Mendez,98120 Lyons Greens Apt. 090,001-405-504-0932x4270,Garrettstad,PA,53667
562,Alexander,Moore,7734 Lambert Branch Apt. 891,791.206.3527,Thomasbury,PR,37383
563,Sharon,Greene,3228 Jose Inlet,(338)726-7704,Barbaramouth,MO,69688
564,Karen,Aguilar,5174 Nicholas Fork Suite 552,7862288253,North Gary,TN,76602
565,Kimberly,Walker,5251 Betty Station Suite 468,928.404.7352,Port Shawnberg,VT,11256
566,Gina,Roberts,030 Jillian Turnpike Suite 789,305.991.0076,Boyleville,GA,34159
567,Brian,Gilmore,826 Amanda Drive,363.637.4283x6071,Brownborough,AL,97507
568,Matthew,James,9118 Becker Knolls Apt. 709,+1-341-462-5343x162,Matthewview,ID,74947
569,Scott,Robertson,91108 Lisa Square Suite 280,+1-999-925-0862x239,Lake Paulville,WA,20860
570,Peggy,Marquez,234 Timothy Prairie Apt. 190,+1-624-714-1603x94466,East Johnland,PA,15858
571,John,Hoover,7545 Reynolds Springs Apt. 877,001-722-241-5699,Millertown,MA,57953
572,Jeremy,Reynolds,428 Schmidt Parks,(788)250-7817x07611,Cordovafort,VI,51089
573,Dave,West,048 Miller Common,+1-595-667-5399x05124,Lake Brian,VI,68115
574,Tyler,Ryan,377 Jones Wall,(785)410-5405,West Laura,LA,67461
575,Richard,Smith,36381 Tucker Fords Suite 107,001-746-544-9127x21171,Lake Thomasmouth,NH,24416
576,Amanda,Wright,489 Bates Mountains,641.941.6605x30426,Petersenberg,VA,93700
577,Sara,Roberts,07617 Barbara Knoll Apt. 389,528-929-5434,Blakemouth,VI,98547
578,Rodney,Clark,697 Kent Glen,8812904044,Port Jason,VI,15966
579,Madison,Williams,0099 Thompson Lake Apt. 079,+1-887-977-0300x57992,East Kelly,VT,83057
580,Lauren,Young,9671 Troy Neck,926-666-2123x49284,Davidside,NE,19033
581,Lori,Williams,73052 Megan Canyon Apt. 458,792-821-6295,Lake Michael,WV,77399
582,Mary,Hill,95819 Amanda Estates Apt. 052,449.491.4244x150,East Charlottefurt,IA,94179
583,John,Foster,4053 Burgess Parkways Apt. 349,(807)217-2636x118,Stephenville,IL,72415
584,Michelle,Dorsey,0747 Cynthia Knoll Suite 197,(616)331-0634x0248,East Bonnietown,VI,87148
585,Sherri,Charles,767 Ramirez Loop Suite 884,(943)586-9089,Johnsonstad,IL,30223
586,Paul,Peterson,704 Becker Walks Suite 979,741.732.5081x1537,South Sethborough,DC,56662
587,Steven,Moses,97800 Thomas Fort,001-905-504-8673x2668,Brandyberg,UT,48056
588,Kimberly,Cruz,6484 Jennifer Tunnel,240-659-4599x16354,Smithville,TN,89005
589,Beverly,Stanton,745 Joseph Estates Suite 938,943-892-0810x6517,West Jeffreyton,PA,56278
590,Brent,Hunter,744 Gary Locks,805.701.5676x3144,Pricetown,TX,35080
591,Edwin,Brown,26963 Acosta View Apt. 143,699.888.2708x4011,West Allison,WA,58117
592,Daniel,Hernandez,70865 Pamela Mews,+1-432-540-2038,New Roger,IN,67682
593,Jean,Ochoa,728 Mack Springs Apt. 447,417-723-4175x9905,East Kenneth,VT,05834
594,Susan,Smith,136 Paul Via,358-932-4090x337,New Phillipchester,HI,57445
595,Dale,Best,45778 Megan Circles Apt. 905,952-268-4773x6729,West Erinfort,MT,29382
596,Logan,Young,655 Moore Mission,(749)507-9312x362,Sandrashire,SC,21957
597,Kevin,Schneider,92528 Crawford Harbors Apt. 560,3072803998,Bartonhaven,CT,07080
598,Michelle,Johnson,46747 Rodriguez Glen,+1-435-458-1354,Johnsonbury,NV,74162
599,Eric,Garcia,104 Lindsey Vista,+1-560-489-1675x279,Guyburgh,VI,47688
600,Angel,Reyes,37032 Tina Brooks Apt. 795,+1-479-264-2882x2987,Royland,IA,98631
601,Julia,Diaz,3941 April Points Suite 668,734.208.3497x664,Perezhaven,OH,31496
602,Mary,Hatfield,949 Rodriguez Vista,(871)585-0864x222,Lanceton,CT,61246
603,Paula,Baker,980 Gabriel Harbor Apt. 275,001-942-624-7496x5154,Port Jennifer,GU,92039
604,Stephen,Freeman,698 Miller Oval Apt. 586,+1-992-331-2097x948,Mooreburgh,DC,11613
605,Lisa,Ashley,45588 Shields Neck,001-206-270-5316x409,Gailview,OK,41987
606,Courtney,Watson,01635 Hall Court Apt. 254,001-253-939-5636,Erikhaven,TN,30955
607,Christopher,Ray,0585 Roberts Islands Apt. 081,(443)241-2174x6038,Rebekahland,KS,38290
608,Michelle,Reed,533 Kelly Plains Suite 415,+1-356-503-5857x67834,New Carrie,IN,73884
609,Isaiah,Williams,053 Robert Prairie Apt. 356,+1-464-475-6801,Ballardchester,KY,98747
610,Nicole,Duarte,38639 Tracy Field,001-268-849-3347x8037,Port Robert,NM,41452
611,Rachel,Serrano,276 Reid Isle Apt. 847,+1-777-934-5579x82678,New Richardberg,MP,30326
612,Sandra,Gallegos,032 Paul Shore,+1-771-570-6606x00513,East Jeffreyshire,KS,43859
613,Alejandro,Washington,84872 Roberts Route Apt. 776,001-331-389-6453x027,Alexanderburgh,FM,73909
614,David,Kim,821 Cole Well Suite 453,001-320-801-7417x47368,Kaitlynberg,DC,21796
615,Alicia,Gardner,9078 Collins Mills,785-519-1619x278,West Michaelbury,MH,77835
616,Ana,Stone,449 Eric Pass Suite 227,722-420-9584x697,Larrybury,PR,57624
617,Joel,Cruz,0542 Mary Crossroad,+1-682-616-4502x6395,Staceyland,CT,04379
618,Emily,Barnett,39880 Velasquez Alley,(360)754-8169x49249,Danielfurt,GU,72594
619,Joshua,Perez,513 Young Valley,846-486-2763x17110,Carterberg,MO,31615
620,Jessica,Weber,26122 Cory Neck,8378290749,Lake Erica,MN,15089
621,Jeanne,Carey,9181 Morris Mission,(906)219-0700x80343,Conleyside,PR,46678
622,Alexander,Chandler,68325 Francisco Shores,(866)774-2826,Port Tyrone,MI,69032
623,Katherine,Hernandez,014 Hart Gateway Suite 248,650.705.5382,Brownville,OH,63932
624,Tammie,Thomas,9504 Moore Plains,(633)292-1962x1016,Lake Michael,OR,67744
625,Jacqueline,Adkins,1590 Davis Keys Apt. 854,(535)357-4576,Pagehaven,GU,95948
626,Arthur,Williamson,67807 Nicholas Underpass,501-327-7230,Bakerville,WA,03068
627,Bill,Carter,8745 Martin Valley Apt. 849,529-892-3627,Knoxburgh,IL,14825
628,Michael,Parsons,49512 Bradley Cliffs,001-312-783-6092,Kleinland,NC,49536
629,Gerald,Richards,3249 Eric Vista,3046234307,Lake Nancystad,GA,85997
630,Tamara,Walker,5912 Ronald Grove,+1-822-624-8892x8668,New Hollyborough,FM,48780
631,Kelly,Reyes,4206 Shawn Gardens,001-709-761-5207,East Robertfort,HI,17991
632,Jeremy,Kirk,1769 David Mall,001-405-974-7839x819,Romerostad,NV,33123
633,Amber,Morales,0966 Ricky Junctions Apt. 014,887-660-1697x9288,Lake Megan,FM,83583
634,Timothy,Chandler,97484 Meyer Burgs Suite 965,001-990-432-7835x2097,New Lauriestad,ND,01639
635,Kyle,Stone,21473 Swanson Ports,+1-940-564-7668x3955,New Larry,FL,87630
636,Robert,Walker,128 Peterson Roads Apt. 574,7059719286,Fowlerhaven,SD,44955
637,Willie,Cochran,259 Weiss Vista,+1-610-302-6776x348,South Jeremy,NE,71966
638,Benjamin,Kelly,9076 Flores Branch Suite 524,740.613.0557,Nicholasshire,UT,99656
639,Alfred,Sanchez,8871 Edward Spring,(409)321-7120x89100,Amyview,PR,33823
640,Kelly,Oconnor,148 Smith Summit Suite 947,(719)258-2156x3277,Tiffanyshire,CT,82265
641,Jason,Conrad,18339 Hicks Orchard,+1-809-821-2107x8877,Sarahborough,KY,33497
642,Jeffery,Norman,0022 Phillips Street,001-349-526-5318,East Tracy,OK,36646
643,Timothy,Davis,00665 Gordon Keys,(834)535-3776,Jessicafort,MS,36129
644,Matthew,Todd,3608 Allison Plain,(581)569-7070,Port Katelynmouth,WY,79100
645,Christy,Carpenter,49109 Henry Well,(858)454-2527,Huntland,WI,90752
646,Kevin,Esparza,234 Lee Cliffs,001-753-912-8982,South Kerri,NE,66427
647,Barbara,Brown,4627 Jessica Mountain,531.435.6532,New Juan,AL,46192
648,Gabrielle,Austin,25448 Fletcher Mall,856.677.7835,Smithbury,MA,23990
649,Steven,Baker,7233 Andrew Extensions Apt. 089,+1-346-800-5062x507,Lake Jamesberg,MN,17664
650,Melinda,Mack,070 Nichols Extension,(918)320-1691x516,West Dale,FL,36439
651,Pam,Erickson,092 Bruce Divide,(948)383-6282x325,Hoovertown,NE,52324
652,Ashley,Parks,4509 Marquez Isle Suite 418,+1-291-469-9693x1326,Port Sarah,WA,07738
653,Thomas,Mercado,336 Janet Green Suite 833,577.349.1087,West Jameshaven,AS,66895
654,Angela,Martinez,928 Tonya Mill,+1-299-904-7650,Lake Robertfurt,VT,21485
655,Carolyn,Taylor,58351 Veronica Landing,404.605.7119,Port Maryshire,WV,16734
656,Lisa,Wolf,5898 Ryan Pike,525.365.0383x563,Port Brian,TX,85291
657,Elizabeth,Taylor,90768 Amber Extensions,+1-929-293-6246x859,West Gina,UT,71488
658,Raymond,Rivera,66263 Miranda Islands,373.319.7089x1281,Wongport,WA,60386
659,Willie,Harding,99995 Marco Common,412.660.9859x26155,Lake Karen,WI,01952
660,Joshua,Bryant,140 Adrienne Plain,001-832-386-0800,Lake Samuelland,DE,89035
661,Linda,Williams,5606 Ashley Lodge,001-947-625-3843x862,North Victoria,IN,07202
662,Rhonda,Williams,2474 Deborah Tunnel,424.310.5049x495,Johnsonborough,WV,07541
663,Julia,Vincent,82587 Yang Ridges,576.260.7045x98267,Lake Dennisshire,MT,43662
664,Jacob,Gomez,59926 Johnston Viaduct Suite 252,584.616.5260x8691,Lake William,PR,51466
665,Leslie,Jackson,28286 Sierra Lane Apt. 587,969-967-8391,Lake Joshua,LA,33955
666,Elizabeth,Luna,9187 Ryan Hills,401-223-3616,Shafferside,SD,80803
667,Eric,Anthony,2209 Katherine Station Apt. 334,416.219.4799x69326,West Manuel,ID,87873
668,Susan,Smith,4506 Gross Circles Apt. 173,631-971-6535x60416,New Shelby,MN,71278
669,Nicole,Smith,69633 Jackson Course,+1-287-519-7841x44544,East Bonniebury,AR,53889
670,David,Wagner,430 Stephanie Walk Apt. 485,387.248.8410,Woodmouth,CA,46296
671,Billy,Ward,129 George Unions Apt. 207,001-587-274-2307,Michaelchester,MT,89086
672,Justin,Wood,29069 Lyons Dale Apt. 919,001-593-695-5421x041,Michellemouth,AR,13784
673,Kayla,Petersen,909 Sampson Expressway Apt. 938,6314162192,Lake Lindabury,AK,75703
674,Christina,Bailey,805 Parsons Valley,+1-776-937-1654x675,Port John,MD,27678
675,Spencer,Sandoval,27739 Sarah Ridges,(435)979-9979,Lake Charles,SC,06240
676,Christopher,Quinn,656 Elizabeth Lock,758.875.8900x0593,New Kayla,OR,14841
677,Tina,Johnson,2586 David Mountain Suite 760,(718)225-9046x729,Javierfurt,VT,05152
678,Denise,Mills,2829 Lane Springs Apt. 860,+1-634-713-0661,Jacobport,NC,95794
679,Colleen,Myers,1503 Myers Cliff Suite 705,+1-696-862-8258x9971,Gardnerborough,GA,08470
680,Laura,Lynn,5994 Bailey Grove Suite 388,595.956.9715x8877,Dillonhaven,SC,15032
681,Jennifer,Garcia,43625 Heather Key,(929)790-1042x8792,Port Wanda,VI,74636
682,Kelly,Rojas,1757 Blankenship Knolls Suite 374,723.930.9825,East Vanessa,MP,64126
683,Danny,Fischer,2023 Brandon Fork Apt. 130,(332)839-8341x5956,Port Steven,MI,02059
684,Kimberly,Castillo,839 Wilson Terrace Suite 677,207-702-2697,Port Mary,OH,04050
685,James,Robinson,295 Long Forest Suite 948,(263)540-1058x493,Kristineport,WY,87908
686,Katie,Jones,389 Townsend Garden,001-660-903-1936,Nicoleland,KY,33128
687,Emily,Cox,150 Tyler Brooks,(918)550-4640x5789,New Danielle,AK,95767
688,Gabriela,Gray,5543 Jonathan Union,8847016325,North Stevenport,AL,74518
689,Jon,Jones,503 Ronald Shores Apt. 832,(866)751-4798x007,New Jillburgh,AR,82894
690,Timothy,Guerrero,2295 Kristin Summit,385.364.8281x47587,Karenmouth,IN,51013
691,Robert,Doyle,9601 Julie Orchard,+1-874-517-0257,Cantrellberg,VT,15346
692,Fernando,Lee,619 Rivera Squares,001-627-487-1945x89772,Juliefurt,AS,99422
693,Johnny,Franklin,275 Timothy Lodge,+1-425-347-7057x5753,Lake Kathryn,KS,23785
694,Kenneth,Cameron,196 Martinez Flat,699-297-6453,West Charleschester,LA,83111
695,Brandon,Patel,5038 Clark Haven Suite 318,+1-405-226-2539x95896,West Tinaton,NV,16865
696,Erin,Navarro,4091 Sawyer Mountains,721-295-0741,North John,CO,88215
697,Amy,Hansen,78778 Hunter Lakes,+1-446-545-4971x0939,New Robertshire,IA,56945
698,John,Marsh,05771 Victoria Ferry,5962170126,New Aaron,MT,79672
699,Sharon,Murphy,9869 Howard Mount,685.876.9858,North Sarahmouth,MH,21201
700,Melissa,Weaver,5810 Boyd Pike Apt. 963,001-205-974-1482x1230,East Ronald,VI,61790
701,Tiffany,Santiago,593 Kevin Canyon,734.914.6956x928,Cassandramouth,WY,78837
702,Terry,Martin,3823 Andrew Meadow Suite 435,001-602-597-3664x55807,South Troyville,IN,10537
703,Donna,Aguilar,41418 Daniels Square,(568)701-8881x0637,Lake Nicholas,MD,16184
704,Frank,Fisher,09044 Wendy Summit Apt. 472,001-464-632-6994x118,North Michelleview,OH,40991
705,Craig,Fernandez,5521 Brandon Glen,(832)629-0724x88406,South Travis,AR,93627
706,Sharon,Krueger,402 Robinson Overpass Apt. 863,+1-766-221-3573x906,West Melissa,MO,59581
707,Gary,Fuller,373 Juan Park,9544895337,West Jennifer,VA,72119
708,Gregory,Lucas,825 Salas Hills Suite 231,389-510-2603x823,West Kathleenmouth,IA,66436
709,Eric,Thornton,1325 Kimberly Knolls Suite 191,+1-680-743-7862x111,West Larryburgh,RI,55261
710,Timothy,Porter,1031 Martinez Terrace,(346)228-5623x19165,North Justin,MD,47515
711,Walter,Mason,6360 Robert Route,888.864.8742x053,Bryanport,MT,56367
712,Rhonda,Keith,4283 Rowland Dale,+1-911-979-0646x17948,Lake Robinfurt,ME,39676
713,Rachel,Bell,169 Ramos View,738-851-3329,Courtneyhaven,MO,40899
714,Ashley,Leon,705 Smith Extension Suite 841,(734)881-8172x859,Jessicatown,PA,55402
715,Matthew,Fry,10117 Nichole Trail Suite 266,+1-233-968-0090x6860,Hectorfurt,RI,28223
716,Cynthia,Martin,10882 Nicholas Centers Apt. 145,(936)341-7478x19515,Port Michael,NY,69150
717,Edwin,Hill,2463 Conner Wall,(355)215-3080,Angelaland,KS,70095
718,Joe,Stokes,684 James Mountain Suite 226,+1-864-699-8073x98706,Jasminefort,UT,21695
719,Courtney,Anderson,7996 Steven Islands,001-597-903-6554x22903,Lake Connie,MP,31298
720,William,Strickland,5782 Cox Wall Apt. 387,+1-582-949-2336,Michaelfurt,TN,20249
721,Sara,Perry,34926 Charles Summit,3196636786,Lake Ashley,AZ,49401
722,Jennifer,Miller,315 Gilbert Lights,001-301-746-1663x6551,North Karenville,NJ,03913
723,Paul,Escobar,80572 Silva Dale Suite 124,+1-368-751-8405x0495,Williamsborough,MD,43701
724,Christopher,Reynolds,7542 Robert Crest Suite 763,001-863-457-9043x138,North Richardchester,LA,08378
725,Antonio,Ward,5874 Patricia Rapids Suite 745,282-399-0358,Andersonhaven,GU,77433
726,Christopher,Reese,46665 Lynch Path Apt. 481,+1-465-463-5270x732,New Thomasland,VI,69972
727,Maureen,Lopez,3416 Smith Brooks Suite 165,847.318.5895,Gamblefurt,VT,48757
728,Kevin,Wilson,10440 Christopher Valley Suite 735,001-548-795-5021x0928,Allenshire,DE,98930
729,Debra,Clark,90140 Fox Mountains Suite 569,(472)621-2133,West Mary,MS,07986
730,Misty,Johnson,9848 Long Motorway Suite 584,001-673-929-7344x0618,Monicaborough,AK,04946
731,Richard,Campbell,06277 Torres Path Suite 102,267.329.3479,New Katelyn,IL,53616
732,Mariah,Reed,0635 Antonio Rest,961-838-4018,Williamside,VT,89145
733,Elizabeth,Thornton,535 James Lake,3696814922,Flynnshire,NC,26243
734,Rachel,Hayes,43900 Peter Terrace,+1-739-674-1272x9822,Port Deborahside,VA,68670
735,Tammy,Maynard,0575 James Crossing,(733)644-7268x014,Port Cassandraton,WI,94633
736,Samantha,Wells,3442 Andrew Turnpike,3382361545,Lake Denisefurt,PW,54861
737,Whitney,Bartlett,521 Davis Tunnel Suite 677,825.762.6577x21346,Allenland,MT,10845
738,Stephanie,Lindsey,15023 Lindsay Row Suite 796,001-545-806-4720x498,Mcclainmouth,ID,48731
739,Eric,Gonzalez,59349 Brown Park,+1-769-266-5152x66215,North Katiebury,PA,48542
740,Alan,Wood,229 Jennifer Squares Apt. 379,267.856.3869,Oconnellhaven,WV,63804
741,Kimberly,Singleton,3569 Salinas Parks,(561)917-7347x240,Smithfurt,MS,23380
742,Bob,Sherman,342 Justin Circle,+1-512-762-8305x057,Port Eric,MD,96802
743,Adam,Soto,27847 Justin Locks,671.342.6542,Mistyville,SC,76125
744,Matthew,Nichols,8469 John Parkway,(358)323-2297x066,Kristyshire,AZ,68480
745,Julie,Mcfarland,418 Diana Village,999.252.0847,New Robertborough,AS,32051
746,Patty,Daniels,255 Miller Gateway Apt. 554,(553)353-5639,West Henryhaven,CA,26367
747,Rebekah,Paul,937 Kristin Ferry Suite 037,(903)806-6201,Stonemouth,CT,54961
748,Eric,Stewart,4908 Clark Falls Suite 089,+1-249-289-3949,Lake Sharon,NH,47282
749,Andrea,Ashley,52250 Connor Course,535-561-8859x75998,Katherineview,KY,18381
750,Brandon,Smith,01195 Sloan Wall Suite 596,(934)958-0709,Kimville,SC,03674
751,Wanda,Anderson,9183 Robin Ferry Suite 385,2759368762,Antoniomouth,IA,52062
752,Vanessa,Collins,5425 Robert Glens,742-441-4911x621,Williamsland,SC,71039
753,Charles,Moore,951 Fleming Haven,+1-746-232-6121,North Carrietown,AK,84514
754,Isaiah,Rogers,1937 Mayer Lakes,6249279910,North Samanthaside,AK,88922
755,Jenna,Foster,19337 Lacey Path,445.398.0172x491,Davisstad,VT,52334
756,Robert,Jefferson,915 Stephen Gardens,+1-689-281-2690,North Seanmouth,TN,84201
757,Thomas,Grant,69897 Hernandez Mountains,+1-423-419-3683x8590,South Maryburgh,KY,89139
758,Karen,Martinez,17176 Nicholas Green,001-973-858-9355x968,Lake Vicki,MD,91217
759,Jeffrey,Allen,789 Banks Loaf Suite 634,660.399.3061,Parkerburgh,AK,75637
760,Patricia,Riley,9963 Deleon Shoals Apt. 396,+1-924-359-3790x8753,North Samantha,PR,27488
761,Amanda,Maynard,832 Hernandez Stravenue,001-893-720-9282x1592,West Nicholas,WA,65717
762,Paige,Bush,299 Kim Vista,755.987.8533x91247,Lake Kevin,NH,36211
763,Gary,Gonzalez,426 David Mount Apt. 908,275.308.4449,North Jasontown,NM,46125
764,Anita,Parker,5761 John Flat Suite 662,389.655.5986x0313,South Sierrabury,PW,32272
765,Cameron,Harris,01261 Kelley Loaf Apt. 994,(441)585-7635x8914,Paigeborough,NE,85296
766,Melissa,Durham,85574 Brian Manors,440.464.2278x1818,South Laura,ME,47619
767,Mackenzie,Campbell,5997 Stanley Glen,5067805006,Martinborough,ID,67174
768,Brandy,White,268 Aguilar Shores Apt. 924,+1-515-789-6712x4378,South Jessica,NM,47924
769,Susan,Wilson,28975 Larson Shores Apt. 976,285.265.5545,West Kirsten,AS,59974
770,Keith,Watson,506 Ashley Isle,+1-638-490-2964,West Kellyshire,AS,01103
771,Randy,Bradford,0378 David Shoals,001-945-396-8013,Aliciamouth,MT,27121
772,Benjamin,Cross,5436 Luna Turnpike Apt. 167,+1-336-757-5255x76947,Alexandertown,HI,15631
773,Matthew,Hicks,54379 Rowe Dam,001-272-512-1450x24893,Jamestown,OR,28932
774,Crystal,Gonzalez,2462 Hanna Rue Apt. 316,3674153636,East Timothytown,MN,94458
775,Sara,Wagner,74523 Pruitt Ways Suite 840,(311)931-0392x554,New Anna,OR,27413
776,Sonia,Miller,895 Johnson Mountains Suite 267,+1-758-569-4404x57322,East Nicoleport,MN,68182
777,Catherine,Jones,51967 Stewart Forks Suite 383,(762)946-4100x105,East Kimberly,ID,63051
778,Joseph,Moss,628 Lopez Bypass Apt. 689,(358)419-0100,Port Greg,FM,17480
779,John,Long,993 Pope Station,5584094355,New Jaclynstad,AK,43492
780,Brandon,Martin,810 Owens Forks,541-931-1132x17681,West Brenda,PR,04816
781,Danielle,Clark,668 Jensen Groves,001-667-841-0223x94738,New Robertville,WI,86991
782,Johnathan,Harris,3607 Johnson Rapid Apt. 346,763-525-3845x1655,Brandtton,KY,93285
783,Matthew,Martinez,1701 Shelby Path,836-939-5623x93761,New Peterside,TX,15897
784,Amanda,Saunders,651 Morales Club,(628)338-9557x8177,Lake Robertstad,MP,26619
785,Richard,Reyes,02922 Christopher Greens Apt. 713,+1-308-964-0745x1624,Elizabethfort,MI,22247
786,Audrey,Webb,878 Cook Key Suite 164,(476)819-1579x83019,Heatherville,FM,61058
787,Debra,Gutierrez,1723 Donna Mill,778.824.6667,Kennethmouth,WY,98085
788,John,Ortiz,502 Hunter Keys Suite 883,001-416-476-7821,Danielleburgh,DE,12193
789,Kevin,Davis,3743 Jessica Estates,+1-437-414-4591x15611,Hunterton,AL,51959
790,Joseph,Walters,90791 Taylor Turnpike,001-821-310-9774,Stevenberg,AZ,92522
791,Douglas,Obrien,972 James Vista Suite 530,(738)749-9625,Vaughanstad,FM,10748
792,Donna,Hunt,1982 Amy Rapids Apt. 855,864.410.5915x1729,Lake Johnchester,IA,99710
793,Jeffery,Schwartz,3299 Carlos Greens,530-719-9801x2282,North Mary,AL,05604
794,Corey,Freeman,476 Alexander Circles,(404)726-6354x512,Port Michelle,MO,45043
795,Ivan,Rodriguez,899 Austin Locks,(926)622-5051x0798,Gonzalezbury,FM,05345
796,Dennis,Flynn,296 Mary Plaza Apt. 552,(256)484-9033x006,Kimberlyport,WV,74334
797,Anne,Smith,182 Jones Street Suite 861,717.892.0246x948,Janetview,MA,02923
798,Cheryl,Rose,751 Amanda Row,479.388.0746,Jessicashire,MI,15860
799,Michael,Webb,67238 Michael Stream Suite 672,8645347051,North Larrybury,IA,63239
800,Andrea,Turner,53411 Campbell Drive,7473968421,Lake Randy,OK,79241
801,Gary,Simpson,02933 Jessica Bypass Apt. 202,918-546-3169x52504,Hallshire,MN,81856
802,Henry,Ross,591 Heather Motorway Suite 745,(615)200-0787,Brendashire,AR,83416
803,Zoe,Higgins,76016 Tapia Flat Suite 067,490-980-5910,Port Christopher,TX,28832
804,Kristen,Montgomery,86065 Riley Skyway Apt. 196,482-735-9157x43801,South Devinmouth,DE,28701
805,Evan,Rich,1595 Kelly Summit,470.610.1581x0488,West Lisaport,GA,24704
806,Craig,Villarreal,932 Ashley Curve,(926)630-1282x15714,Micheleville,MO,19225
807,Kristin,Garcia,249 Simmons Crescent Suite 726,286.432.4163x30592,Frazierberg,NC,82659
808,Juan,Williams,6437 Tyler Isle,+1-947-488-5176,Davismouth,IA,60593
809,Melissa,Carter,788 Jackson Stream,330-761-3359,West Karenstad,LA,57192
810,Carmen,Charles,69453 Ball Summit,512.422.1131x655,West Kevinmouth,GA,05403
811,Tammy,Dawson,430 Roy Hollow Apt. 097,(700)531-0553x77426,Blakeland,KS,53205
812,Joseph,Bennett,8750 Wilson Ridge,(502)390-5586x29907,Maryshire,NJ,44094
813,Jacob,Hammond,4783 Pugh Shoals,(882)250-8789,Gregoryton,IN,22126
814,Robert,Martinez,1736 Sydney Road,9867838767,West Charles,MA,48153
815,Elizabeth,Collins,03097 Anne Skyway,359-499-5768x38632,Stephanieshire,NM,30951
816,Larry,Flores,16945 Christopher Land,616-296-5088x76338,New Lauraberg,CT,89055
817,Anthony,Rowe,3213 Black Manor Apt. 048,(387)499-3172,Aliciaville,RI,89626
818,Patrick,Jackson,97119 Baird Island,+1-890-920-6741x0031,Onealfort,PA,61335
819,Anthony,Jefferson,28487 John Ferry,935.684.7002x515,North Caitlinside,NJ,62282
820,Laura,Holloway,3007 Christina Shores Suite 800,9622692692,Oconnorborough,PR,75043
821,Linda,Colon,694 Herrera Ford Suite 844,726.448.2132x85927,Palmertown,GU,09191
822,Andrea,Robbins,25335 David Road Suite 579,(217)998-5133,Lake Thomaston,PW,57341
823,Andrew,Smith,096 Kyle Station Apt. 300,307.884.8763x75447,West Barbarafurt,KS,46444
824,Larry,Martinez,0217 Harrison Road,+1-563-428-5507x3945,East Tamiburgh,CT,70292
825,Melissa,Klein,9099 Charles Cape,(252)921-1416x7776,South Jenniferbury,AK,43782
826,Duane,Myers,0593 Evans Drives Suite 471,+1-990-428-9956,Toddfurt,MH,20694
827,Susan,Carter,51781 Miranda Green,8602241015,Reedville,WA,25090
828,Michelle,Sparks,875 Rodriguez Landing,001-842-390-4618x7242,South Randyburgh,IN,74393
829,Joe,Holmes,720 Rebecca Spring,(943)984-1918,North Brandy,NM,21204
830,Kristen,Taylor,9470 Michelle Common Suite 394,6109674039,Brandonborough,NC,04266
831,Patricia,House,8570 Darren Landing Apt. 763,832-528-4646x0914,Ericbury,NH,73877
832,Angela,Gates,8555 Wilkinson Ports Apt. 923,001-629-846-0922,Chelseahaven,CA,31414
833,Leslie,Prince,13328 Davis Club,521-478-9687x890,Port Jenniferborough,OK,90343
834,Christopher,Turner,626 Cynthia Summit,289-604-5422,South Maryport,PW,13453
835,Kara,Ramsey,9599 Stone Dale Apt. 606,+1-939-707-0563x17091,Port Mary,CT,96006
836,Michelle,Patel,894 Hunter Park,825-330-5736,Lake Rhonda,DC,13895
837,Keith,Hill,7188 Goodman Freeway Suite 976,531.377.0469,Lake Johnfurt,HI,72298
838,Allison,Armstrong,729 Ward Springs Suite 745,001-478-234-4499x33769,Lake Margaret,SC,61330
839,Vanessa,Smith,070 George Hill,001-925-969-8170x929,Melanieview,WI,85589
840,Sarah,Mathews,317 Wilson Square Suite 589,(558)989-4673x4059,Kennethside,NV,38230
841,Haley,Roman,038 Paula Field Apt. 916,+1-670-443-4577x23523,Tammyberg,ME,09267
842,Patrick,Mcclain,33009 Theresa Spring Suite 061,001-736-428-6818,Lake Amber,VA,10238
843,Robin,Hernandez,0744 Hall Streets,344.485.6840x25450,New William,MT,10896
844,Jasmine,English,725 David Drive,+1-952-491-6268x311,South Christian,MI,95297
845,Patricia,Murray,26829 Hunt Summit Suite 728,(961)581-4795,Christineshire,CO,23920
846,Jeffery,Thornton,78092 Devin Drives Apt. 542,601-403-9091,Danielleville,TX,61046
847,David,Lee,16982 Steven Trafficway Apt. 075,+1-926-845-7858x141,West Robinburgh,MS,26904
848,Lisa,Woods,2646 Contreras Junctions,345-648-3185,Pamelamouth,ME,02833
849,Jason,Stephens,85064 Green Extension,248.402.9751x954,West Brandi,NY,37311
850,Jason,Paul,595 Elliott Oval Suite 402,813-432-5741x97869,Philipbury,NJ,50532
851,Aaron,Pitts,65628 Nelson Park Apt. 080,(835)915-2489x0663,West Ashlee,KS,36542
852,Alexander,Ross,68374 Walsh Plains,(279)803-8135,Pamelafurt,AK,48100
853,Thomas,Watson,10738 Diaz Crest Suite 104,754.561.6258,North Gregory,NH,03755
854,Jennifer,Valdez,9602 James Cape,(206)827-0042x234,Kanehaven,UT,53408
855,Jack,Gonzalez,222 Rogers Canyon,899.976.5121x8896,Kimberlyberg,VA,45512
856,Jamie,Graves,8238 April Locks Suite 887,428.560.8281x598,East Justinside,MA,56428
857,Keith,Payne,4069 Benjamin Plaza,(912)414-0297x8693,Hernandezshire,AR,35419
858,Cynthia,Cline,68463 Luis Oval Apt. 347,001-375-442-2248x42745,West Matthewville,SD,44433
859,Megan,Davis,6369 Bradley Cove Suite 827,964.739.9795x2740,Morseton,IL,93734
860,Robert,Myers,72690 Barbara Mount Apt. 865,001-278-578-8223,Lake Heatherville,NE,22909
861,Robin,Garcia,13650 James Lane,(299)941-6402,East Amy,PR,73645
862,Tamara,Bowman,416 Moore Drives Suite 721,+1-247-706-0318x899,Port Debbieberg,CO,11658
863,Fred,Oneill,0120 Charles Estates,380.226.3542x04221,New Davidbury,AZ,28673
864,Tanya,Rodriguez,8820 Galloway Crossroad Apt. 340,(275)510-1843x3489,West Shane,PW,89926
865,Christopher,Young,232 Richard Glens,(203)737-9557,Juliestad,NC,04268
866,Kenneth,Hall,4264 Stone Valleys,+1-730-601-7549x21389,Leechester,RI,65879
867,Justin,Haney,441 Melinda Pine Apt. 991,285-980-2528,Ronaldside,MT,91162
868,Steven,Giles,43452 Barnes Via Apt. 607,8588360347,West Scott,NY,45260
869,Timothy,Ibarra,6842 Zhang Station,571.608.4153x396,Rasmussenburgh,SD,50073
870,Susan,Johnson,840 Melissa Burg,+1-861-648-1230x17731,North Matthewmouth,AZ,98800
871,Lance,Cain,204 Whitaker Spurs,265.299.4249x93446,Port Melissa,KS,53367
872,Jenna,Cooper,12085 Kenneth Alley,(259)264-1374,North Kerrybury,WI,78475
873,Christopher,Wells,00716 Wright Camp,(959)957-6500x3105,South Danielstad,NV,14165
874,Eric,Villanueva,5178 Rachel Flats Suite 363,265-663-4953x17013,Johnview,AZ,28865
875,Judy,Phelps,147 Catherine Dale Suite 177,355-825-5224x42594,South Elizabethburgh,ND,80065
876,Jennifer,Lam,185 Melissa Union Apt. 754,335.331.1609x18967,Morrisonville,VA,17508
877,Paul,Brown,56787 Debbie Junctions Apt. 934,(602)773-5847x8148,East Rebeccahaven,VA,80571
878,Phillip,Kim,007 Kevin Orchard Suite 348,448.391.4775,Stephenbury,ME,80536
879,Jacqueline,Thomas,946 Shelly Views Suite 129,302.263.2420,Kimberlyfort,TN,90667
880,Shelley,Brooks,0831 Wright Cliff,8796987943,Matthewberg,WA,95202
881,Alex,Harvey,333 Christopher Branch Apt. 522,(910)742-3584x1445,Cobbburgh,WV,97619
882,Christopher,Hunt,970 Joseph Terrace Suite 442,602-274-9062x17472,Christinashire,MT,13686
883,Joseph,Moss,53280 Jordan Roads Apt. 397,+1-549-935-8630x53266,Mitchellfurt,MD,47348
884,Tasha,Smith,107 Brown Cliff,(741)829-4591x56821,Montoyahaven,MP,47540
885,Ronald,Villarreal,87400 Wolf Harbor,001-626-508-3130x16205,North Jacqueline,CA,81125
886,Julie,Flores,7046 Andrea Centers Apt. 039,926-624-0491x310,North Steven,ID,70238
887,Mary,Myers,6699 Danielle Ports,001-286-902-1961x2418,Bethhaven,GA,10709
888,Ryan,Reyes,0911 Tate Gardens,937-337-9341,South Jodi,MN,68932
889,Karen,Thompson,049 Ramirez Bridge Apt. 792,851.862.1552x080,Stevenberg,MD,98608
890,Jamie,Jones,960 Erica Knolls Apt. 585,+1-887-493-2397x4408,Port Lisa,VT,29004
891,Susan,Calhoun,6898 Moore Fords,001-939-264-4735x5075,New Lisahaven,SD,94299
892,James,Young,11834 Mark Keys Suite 951,+1-240-612-1555x57973,Kimberlyland,UT,87111
893,Hannah,Rivera,3991 Lee Pike Suite 733,+1-797-785-6368x528,South Thomas,SD,67943
894,David,Martin,0632 Susan Roads,504.431.5055,New Yvonne,DC,43977
895,Raymond,Vega,1799 Lynch Plain,567-316-8465x3725,East Frankview,MN,93351
896,Elizabeth,Jones,9827 Ferguson Shore,588-421-6199x6855,North Kaitlin,MO,04909
897,Louis,Hines,1682 Robinson Course Apt. 153,463-506-6648x815,Mcdonaldburgh,OR,10048
898,Maria,Flores,325 Charles Groves,9288957182,East Christopherstad,WV,03050
899,Steven,Barker,6930 Galvan Branch,001-926-984-9837x082,Sarahville,PA,59387
900,Jason,Moore,5626 Crane Avenue Apt. 404,(727)819-0640,South Juliaton,MT,73849
901,Christopher,Garcia,25223 Cook Dale Suite 153,+1-834-254-5640x13022,Justinfort,DE,32776
902,Emily,Robinson,08992 Sutton Lodge,874-257-1281,Kaylaton,NJ,55426
903,Nicole,Vazquez,75077 Ortiz Dale,(409)671-2241,South Carolland,ME,48065
904,Kevin,Lee,82480 Kelly Turnpike Apt. 046,+1-230-730-2435x679,South Robert,VA,26245
905,Amy,Payne,80288 Nichols View,+1-238-441-8799x519,West Jennifer,VT,55665
906,Travis,Gutierrez,256 Cox Keys Apt. 161,275-849-2022x0615,Catherinefort,WA,96329
907,Jesse,Anderson,871 Ford Mountain,562-637-4809x356,East Laurie,SD,88845
908,Gregory,Morris,34243 Silva Walks Suite 124,214-945-5836x55926,Jackieborough,DE,34070
909,Aaron,Smith,1243 Bass Views Suite 484,(620)575-8720,Kyleburgh,SC,14090
910,Christopher,Bradford,688 Craig Glens,+1-519-928-7871x00832,Fisherfurt,AZ,60928
911,Eric,Lee,78093 Deborah Skyway Apt. 725,001-651-580-1549,Warnerhaven,PA,69259
912,Melissa,Fleming,254 Barrett Ridge Suite 744,(545)778-4375x20156,New Jeffrey,AL,40572
913,Beth,Perry,2259 Sue Square Suite 334,977.909.5458,Coltonmouth,VA,39853
914,Ashley,Stanley,6224 Alvarado Trail,+1-768-605-3529x5668,Brianton,IL,69028
915,Ellen,Griffin,418 Victor Passage,542.691.7429,Martinbury,MT,37725
916,Kathryn,Cook,65771 Beck Burgs,820.530.2575x67334,New Michaelstad,MP,57460
917,Amanda,Brown,45286 Davis Rue Apt. 013,(425)794-5430x6333,Austinport,ND,39788
918,Susan,Castro,9144 Chapman Burg Suite 671,325-627-0993x147,Penaville,MD,18573
919,Timothy,Stevenson,144 Samantha Expressway,001-972-972-3971,Robinsonside,VI,85526
920,Tyler,Jones,40281 Morgan Lock,(546)234-0974x6866,New Davidport,MI,09661
921,Kathryn,Hernandez,88480 Stephanie Harbor Apt. 246,593.474.5053,South Terrifort,CO,34282
922,Douglas,Ryan,731 James Greens,489.325.4868,West Ryanview,WI,66226
923,Hector,Sanchez,786 Turner Pines,223.881.5253x687,Jacksonberg,ME,95356
924,Beth,Spence,940 Danny Light,281-566-9201x8752,Nguyenland,CO,85129
925,Bobby,Rivera,05146 Devin Trace,001-792-215-9166,South Eric,WY,76466
926,Kristin,Short,909 Robert Walks Apt. 192,524.666.8340x6009,Port Jenniferfort,PR,26757
927,Ruth,Davies,463 Lam Union Suite 126,001-990-882-2689x047,Timothyfort,UT,90041
928,Chase,Bailey,70001 Megan Fields Suite 858,6484089387,Ellisonview,RI,73231
929,Laura,Gray,110 Torres Stravenue Apt. 858,001-236-694-0253x624,Lake Susan,ID,18661
930,William,Gordon,7535 Aguilar Square Apt. 763,001-863-386-5578,Russellview,AK,66998
931,Joseph,Vega,69040 Taylor Pass,7789135988,Port Ashley,LA,22531
932,Steven,Perry,064 Martinez Haven Apt. 071,(812)293-5794,Port Amanda,GU,03730
933,Amanda,Martinez,8515 Ann View Suite 168,(556)831-8584x793,Port Maryport,PR,68994
934,Karen,Jones,99365 Jennifer Junctions,(659)396-5817,West Christopher,CA,09217
935,Jamie,Carter,71987 Alvarez River Suite 179,+1-772-244-7141x18969,North Branditown,MD,39174
936,Kelly,Carson,800 Jones Rapids,281-980-6806x52038,Pamelaview,NE,70014
937,Michelle,Day,584 Douglas Mews,697-283-6383,New Heatherchester,WA,78570
938,Dawn,Woods,480 Bender Court Apt. 690,940.438.5951x259,Martinborough,FM,27931
939,Matthew,Rangel,0480 Mcmahon Greens Suite 201,4819132785,West Jasonmouth,CA,17396
940,John,Olson,9927 Jennifer Terrace Apt. 311,380-421-3168,Hansenview,DC,27354
941,Ashley,Andrade,59323 Keller Avenue Suite 257,(806)953-2146,East Nicole,VT,29804
942,Paul,Carr,67503 David Mountains,(590)401-5259x52359,Reedmouth,VA,14198
943,Laura,Howard,47864 Cynthia Lodge,897.516.6458x6771,New Kristine,IL,55863
944,Ashley,Lane,2023 Parks Stream,+1-279-477-6836x85790,Lake Josephtown,NE,63900
945,Robert,Baldwin,36889 Jackson Ridge Apt. 026,913-656-4812,Port Joshua,AR,74072
946,Kimberly,Hughes,211 Lee Drive Apt. 941,674.556.0712,South Suzanneberg,TX,43894
947,Thomas,Thompson,5322 Kimberly Isle Suite 323,449.325.9017x2874,Port Katelyn,AS,97750
948,Brad,Baldwin,27102 Kelly Summit,266.409.8071x764,Andersonbury,WY,45325
949,James,Berry,9030 Myers Forge,001-717-933-1601x140,East Mikemouth,MT,97332
950,Johnny,Morris,54253 Michelle Stream Suite 796,+1-387-850-0877x99579,Robersonview,IA,77400
951,Carla,Arnold,387 George Corner Apt. 067,+1-476-850-7082x285,North Madison,KY,16074
952,Alexandra,Morton,175 Anthony River Apt. 675,(487)636-4833x6130,New Lindsay,NE,01854
953,Richard,Young,176 Lisa Hollow,426-794-5033x7340,East Christopherfort,AR,89521
954,Danielle,Rose,132 Clayton River Apt. 936,307.645.0831,Brownville,NY,65900
955,Regina,Jenkins,7078 Wright Mountain Suite 928,278-713-5877,Thomasmouth,MT,71271
956,Melissa,Burton,9755 White Run Apt. 543,001-767-441-2226,East Robert,GA,08342
957,Edward,Walsh,396 Cole Shoals Apt. 464,403-326-0901,New Mathewland,MT,74688
958,Joseph,Schneider,05905 Chad Stream,+1-258-337-3814,South Joshua,NV,31682
959,Ernest,Rodriguez,170 Griffin Creek Suite 379,3865413284,North Jonathan,TX,83854
960,Anthony,Wallace,8290 Jennifer Ferry,+1-422-599-5739x452,Frankton,NJ,28856
961,Amber,Johnson,901 Kim Island,001-928-384-5467x72529,Port Kevin,IA,38383
962,Thomas,Roman,2496 Robert Turnpike,510.409.2579,New Kimberlytown,RI,73415
963,Timothy,Hoffman,48402 Christine Flats,720-705-0608,Port Mark,WV,88530
964,Janet,Smith,293 Natasha Plaza Suite 678,456-587-9336,Fernandezfurt,WI,18386
965,Teresa,King,00948 Crystal Place,598-558-0376,East Lauriechester,MN,60861
966,Tara,Holland,56852 Johnson Avenue,001-608-848-3862x692,New Ashleyhaven,LA,02379
967,Brenda,Cook,276 Joel Walk Suite 966,929-875-6562,East Diana,CT,55541
968,Thomas,Rogers,39831 Watkins Rest Suite 833,6863551577,North Jessica,TN,09013
969,Judy,Wallace,9389 Miller Summit Apt. 085,955-409-4386x321,Williamview,KS,86571
970,Tina,Williams,914 Chapman Lodge Apt. 984,(925)702-8998x961,North Williammouth,CO,74809
971,Angela,Woods,10432 Bender Lock Apt. 952,(605)457-5777x4678,North Lauren,SD,93060
972,Jennifer,Rivera,810 Christopher Mills,+1-915-585-8846x2779,Michaelmouth,WI,65271
973,Nicole,Wang,0538 Julie Canyon Apt. 426,618-588-8565x93832,North Melanie,NC,11479
974,Anthony,Ruiz,859 Patrick Tunnel,(436)655-5660,North Carrieshire,AK,16556
975,Cory,Rodriguez,6578 Margaret Rue,001-536-609-4709x17367,Ellisview,CA,90094
976,Kerry,Jones,4859 William Brook,583.263.6833,East Matthew,DE,84071
977,James,Torres,5917 Chung Well,(426)828-5638x83190,Parsonsport,MS,88836
978,Benjamin,Johnson,141 Melissa Mall Suite 925,001-219-772-5472x0551,North Angel,NH,81333
979,Hannah,Yates,44504 Heather Cape Suite 173,(794)818-5152x85217,Snyderside,PA,02814
980,Sean,Adams,47080 Stewart Manors,902.348.2418,North Stevenborough,HI,96455
981,Anita,Page,43294 Shawn Mill,(584)386-3373x06152,West Stephen,MD,41754
982,Gail,Simpson,70317 Williams Valleys,968.258.7536x7107,New Stevenhaven,TX,37795
983,Kaitlin,Singleton,46765 Perez Inlet Apt. 767,8274610751,North Brett,IL,64433
984,Patrick,Cox,1265 Logan Circle,694-971-1139,Ryanland,ID,86359
985,Jermaine,Ramos,00023 Lewis Turnpike Suite 158,(357)720-7489x970,New Martinmouth,NJ,22370
986,Vanessa,Bishop,1891 Rebecca Points Apt. 420,(298)247-2718x3497,East Amanda,CT,49981
987,Dean,Jones,1794 Megan Road,001-802-671-9754,Drewside,GA,54189
988,Richard,Beck,607 Angela Dam,(424)616-3832,Port Rebecca,ID,08670
989,David,Taylor,213 Stacey Wells Suite 763,001-723-428-0222x398,Lake Dominique,VI,99799
990,Heidi,Haynes,101 Bradley Stream Suite 067,576-226-4382x830,Lake Leonfort,MA,41147
991,Dale,Oliver,20951 Cook Flat,(931)493-0627x583,Melissafort,AS,20151
992,Ian,Holmes,980 Donald Green Apt. 080,(852)509-1412,West Joshuaview,MT,90016
993,Benjamin,Martinez,7186 Williams Lakes Apt. 842,001-441-987-9140,Lake Shawn,KY,35331
994,Eric,Roach,7176 Valerie Rapids Apt. 614,001-511-900-3063,Crystalton,NY,90055
995,Robert,Hodges,09344 Taylor Center Apt. 711,752-760-8832,Kristinaville,IL,91745
996,Cindy,Kerr,5531 Chelsey Station Apt. 319,244.843.8327,Farmerside,IL,74509
997,Samantha,Williams,4207 Douglas Highway,459.886.9379,East Cathyview,WV,37622
998,Lynn,Lam,200 David Forks Suite 025,713-935-2483,Williamshire,PW,11770
999,Justin,Jimenez,781 Cindy Land,+1-801-931-0437x887,Tiffanymouth,VT,02000
1000,Crystal,Burns,30612 Ford Village,+1-725-908-9069,East Danielleland,TX,78084
